time,open,high,low,close,EMA1,EMA2,EMA3,Hammer,Inverted Hammer,Doji,G-Doji,G-Hammer,G-Inv.Hammer,Plot,Plot,Plot,Plot,Plot,Plot,Plot,Plot
2023-09-25T07:03:00+02:00,4227,4228,4227,4227,4226.919017807317,4225.995568750991,4225.1848831399,0,0,0,0,0,1,NaN,NaN,4212,4228,4212,4228,4212,4228
2023-09-25T07:06:00+02:00,4227,4228,4227,4227,4226.926379824833,4226.034958211736,4225.20294400418,0,0,0,0,0,1,NaN,NaN,4212,4228,4212,4228,4212,4228
2023-09-25T07:09:00+02:00,4226,4227,4226,4226,4226.842163477121,4226.033587301472,4225.2108749096105,0,0,0,0,0,1,NaN,NaN,4212,4228,4212,4228,4212,4228
2023-09-25T07:12:00+02:00,4226,4227,4226,4226,4226.7656031610195,4226.032270152395,4225.21872690056,0,0,0,0,0,1,NaN,NaN,4212,4228,4212,4228,4212,4228
2023-09-25T07:15:00+02:00,4227,4227,4227,4227,4226.786911964563,4226.070220342497,4225.236451011002,0,0,0,1,0,0,NaN,NaN,4212,4228,4212,4228,4212,4228
2023-09-25T07:18:00+02:00,4228,4228,4228,4228,4226.897192695057,4226.145897976125,4225.263949010892,0,0,0,1,0,0,NaN,NaN,4212,4228,4212,4228,4212,4228
2023-09-25T07:21:00+02:00,4228,4229,4228,4228,4226.997447904598,4226.218607859414,4225.291173398844,0,0,0,0,0,1,NaN,NaN,4212,4229,4212,4229,4212,4229
2023-09-25T07:24:00+02:00,4228,4228,4228,4228,4227.08858900418,4226.288466374731,4225.318126897363,0,0,0,1,0,0,NaN,NaN,4212,4229,4212,4229,4212,4229
2023-09-25T07:27:00+02:00,4227,4228,4227,4228,4227.171444549254,4226.355585340428,4225.344812201867,0,0,0,1,0,0,NaN,NaN,4212,4229,4212,4229,4212,4229
2023-09-25T07:30:00+02:00,4228,4228,4228,4228,4227.24676777205,4226.420072189822,4225.371231980953,0,0,0,1,0,0,NaN,NaN,4212,4229,4212,4229,4212,4229
2023-09-25T07:33:00+02:00,4227,4227,4226,4227,4227.224334338227,4226.442814456888,4225.3874386279085,0,0,0,0,1,0,NaN,NaN,4212,4229,4212,4229,4212,4229
2023-09-25T07:36:00+02:00,4227,4227,4226,4226,4227.11303121657,4226.425449184069,4225.3935337659395,0,0,0,1,0,0,NaN,NaN,4212,4229,4212,4229,4212,4229
2023-09-25T07:39:00+02:00,4226,4227,4226,4227,4227.102755651427,4226.447980588616,4225.409518504587,0,0,0,1,0,0,NaN,NaN,4212,4229,4212,4229,4212,4229
2023-09-25T07:42:00+02:00,4226,4227,4226,4227,4227.0934142285705,4226.46962840867,4225.425344191109,0,0,0,1,0,0,NaN,NaN,4212,4229,4212,4229,4212,4229
2023-09-25T07:45:00+02:00,4227,4227,4226,4226,4226.994012935064,4226.451211608331,4225.431062159357,0,0,0,1,0,0,NaN,NaN,4212,4229,4212,4229,4212,4229
2023-09-25T07:48:00+02:00,4226,4227,4226,4226,4226.903648122786,4226.433517035455,4225.436723232398,0,0,0,0,0,1,NaN,NaN,4212,4229,4212,4229,4212,4229
2023-09-25T07:51:00+02:00,4225,4227,4225,4227,4226.91240738435,4226.455732053672,4225.452278225111,0,0,0,1,0,0,NaN,NaN,4212,4229,4212,4229,4212,4229
2023-09-25T07:54:00+02:00,4227,4227,4225,4225,4226.7385521675915,4226.398644522156,4225.447777944264,0,0,0,1,0,0,NaN,NaN,4212,4229,4212,4229,4212,4229
2023-09-25T07:57:00+02:00,4226,4226,4225,4226,4226.671411061447,4226.38301140364,4225.4532726910875,0,0,0,0,1,0,NaN,NaN,4212,4229,4212,4229,4212,4229
2023-09-25T08:00:00+02:00,4226,4226,4224,4224,4226.428555510406,4226.289559976046,4225.4388122663,0,0,0,1,0,0,NaN,NaN,NaN,NaN,4212,4229,NaN,NaN
2023-09-25T08:03:00+02:00,4224,4225,4223,4225,4226.298686827642,4226.238988996593,4225.434445975094,0,0,0,0,1,0,NaN,NaN,NaN,NaN,4212,4229,NaN,NaN
2023-09-25T08:06:00+02:00,4224,4226,4223,4226,4226.271533479675,4226.22961687908,4225.440073378327,0,0,0,0,0,0,NaN,NaN,NaN,NaN,4212,4229,NaN,NaN
2023-09-25T08:09:00+02:00,4227,4230,4227,4229,4226.519575890614,4226.33825935441,4225.475495533767,0,0,0,0,0,0,NaN,NaN,NaN,NaN,4212,4230,NaN,NaN
2023-09-25T08:12:00+02:00,4229,4229,4228,4228,4226.654159900558,4226.403425654237,4225.500614981192,0,0,0,1,0,0,NaN,NaN,NaN,NaN,4212,4230,NaN,NaN
2023-09-25T08:15:00+02:00,4227,4227,4226,4227,4226.685599909598,4226.4268207266205,4225.51553423511,0,0,0,0,1,0,NaN,NaN,NaN,NaN,4212,4230,NaN,NaN
2023-09-25T08:18:00+02:00,4227,4227,4226,4226,4226.623272645089,4226.41008265891,4225.520354789985,0,0,0,1,0,0,NaN,NaN,NaN,NaN,4212,4230,NaN,NaN
2023-09-25T08:21:00+02:00,4225,4226,4223,4224,4226.384793313718,4226.315569613463,4225.505226881626,0,0,0,1,0,0,NaN,NaN,NaN,NaN,4212,4230,NaN,NaN
2023-09-25T08:24:00+02:00,4224,4226,4224,4225,4226.258903012471,4226.263978648229,4225.500199748476,0,0,0,0,0,1,NaN,NaN,NaN,NaN,4212,4230,NaN,NaN
2023-09-25T08:27:00+02:00,4224,4224,4222,4222,4225.871730011338,4226.096763799279,4225.465371890282,0,0,0,1,0,0,NaN,NaN,NaN,NaN,4212,4230,NaN,NaN
2023-09-25T08:30:00+02:00,4222,4223,4221,4222,4225.519754555761,4225.936106395386,4225.430890577941,0,0,1,1,1,1,NaN,NaN,NaN,NaN,4212,4230,NaN,NaN
2023-09-25T08:33:00+02:00,4221,4223,4220,4223,4225.290685959783,4225.820964968116,4225.406702611991,0,0,0,0,0,0,NaN,NaN,NaN,NaN,4212,4230,NaN,NaN
2023-09-25T08:36:00+02:00,4223,4224,4222,4222,4224.991532690712,4225.67112320466,4225.3728050735635,0,0,0,0,0,1,NaN,NaN,NaN,NaN,4212,4230,NaN,NaN
2023-09-25T08:39:00+02:00,4222,4222,4221,4222,4224.719575173374,4225.527157588791,4225.339244824076,0,0,0,0,1,0,NaN,NaN,NaN,NaN,4212,4230,NaN,NaN
2023-09-25T08:42:00+02:00,4222,4223,4221,4222,4224.472341066704,4225.388837683348,4225.306018507418,0,0,1,1,1,1,NaN,NaN,NaN,NaN,4212,4230,NaN,NaN
2023-09-25T08:45:00+02:00,4221,4223,4221,4223,4224.3384918788215,4225.295157774198,4225.283073049633,0,0,0,1,0,0,NaN,NaN,NaN,NaN,4212,4230,NaN,NaN
2023-09-25T08:48:00+02:00,4224,4224,4222,4223,4224.216810798928,4225.205151586974,4225.26035590486,0,0,0,0,1,0,NaN,NaN,NaN,NaN,4212,4230,NaN,NaN
2023-09-25T08:51:00+02:00,4223,4224,4222,4222,4224.01528254448,4225.0794593678775,4225.227914552573,0,0,0,0,0,1,NaN,NaN,NaN,NaN,4212,4230,NaN,NaN
2023-09-25T08:54:00+02:00,4223,4225,4222,4224,4224.013893222254,4225.037127627961,4225.215696497323,0,0,0,1,0,0,NaN,NaN,NaN,NaN,4212,4230,NaN,NaN
2023-09-25T08:57:00+02:00,4225,4225,4221,4222,4223.830812020231,4224.918024583727,4225.18369951725,0,0,0,0,0,0,NaN,NaN,NaN,NaN,4212,4230,NaN,NaN
2023-09-25T09:00:00+02:00,4222,4223,4217,4217,4223.209829109301,4224.607513815738,4225.102269671307,0,0,0,0,0,0,4217,4223,NaN,NaN,4212,4230,NaN,NaN
2023-09-25T09:03:00+02:00,4218,4222,4217,4221,4223.008935553909,4224.466042685709,4225.061451067612,0,0,0,1,0,0,4217,4223,NaN,NaN,4212,4230,NaN,NaN
2023-09-25T09:06:00+02:00,4221,4223,4217,4218,4222.553577776282,4224.212472384309,4224.99118787291,0,0,0,0,0,0,4217,4223,NaN,NaN,4212,4230,NaN,NaN
2023-09-25T09:09:00+02:00,4219,4223,4218,4222,4222.503252523892,4224.125708761395,4224.961424809498,0,0,0,1,0,0,4217,4223,NaN,NaN,4212,4230,NaN,NaN
2023-09-25T09:12:00+02:00,4222,4229,4222,4228,4223.002956839902,4224.277641751144,4224.991659388507,0,0,0,0,0,0,4217,4229,NaN,NaN,4212,4230,NaN,NaN
2023-09-25T09:15:00+02:00,4228,4231,4228,4231,4223.729960763548,4224.541263643256,4225.051443872204,0,0,0,1,0,0,4217,4231,NaN,NaN,4212,4231,NaN,NaN
2023-09-25T09:18:00+02:00,4231,4232,4230,4232,4224.481782512316,4224.833763108226,4225.120583734172,0,0,0,0,1,0,4217,4232,NaN,NaN,4212,4232,NaN,NaN
2023-09-25T09:21:00+02:00,4232,4233,4227,4231,4225.074347738469,4225.075576319668,4225.179085388559,0,0,0,0,1,0,4217,4233,NaN,NaN,4212,4233,NaN,NaN
2023-09-25T09:24:00+02:00,4231,4234,4230,4233,4225.794861580427,4225.386338032622,4225.256905434444,0,0,0,1,0,0,4217,4234,NaN,NaN,4212,4234,NaN,NaN
2023-09-25T09:27:00+02:00,4233,4237,4233,4237,4226.813510527661,4225.841775756833,4225.373752146539,0,0,0,1,0,0,4217,4237,NaN,NaN,4212,4237,NaN,NaN
2023-09-25T09:30:00+02:00,4236,4240,4233,4238,4227.830464116055,4226.318568864408,4225.499386453539,0,0,0,0,0,0,4217,4240,NaN,NaN,4212,4240,NaN,NaN
2023-09-25T09:33:00+02:00,4238,4241,4235,4237,4228.664058287322,4226.737448516784,4225.613820419176,0,0,0,0,0,1,4217,4241,NaN,NaN,4212,4241,NaN,NaN
2023-09-25T09:36:00+02:00,4237,4240,4235,4235,4229.240052988475,4227.061470143577,4225.7072152408755,0,0,0,0,0,1,4217,4241,NaN,NaN,4212,4241,NaN,NaN
2023-09-25T09:39:00+02:00,4235,4240,4234,4239,4230.127320898614,4227.529647785005,4225.839481755892,0,0,0,1,0,0,4217,4241,NaN,NaN,4212,4241,NaN,NaN
2023-09-25T09:42:00+02:00,4239,4241,4239,4241,4231.115746271467,4228.057896891475,4225.990332683694,0,0,0,1,0,0,4217,4241,NaN,NaN,4212,4241,NaN,NaN
2023-09-25T09:45:00+02:00,4241,4241,4238,4238,4231.741587519516,4228.447783287887,4226.10983186097,0,0,0,1,0,0,4217,4241,NaN,NaN,4212,4241,NaN,NaN
2023-09-25T09:48:00+02:00,4238,4239,4233,4235,4232.037806835923,4228.704732962872,4226.198291245438,0,0,0,0,0,0,4217,4241,NaN,NaN,4212,4241,NaN,NaN
2023-09-25T09:51:00+02:00,4236,4236,4233,4235,4232.307097123567,4228.951606180014,4226.285870437026,0,0,0,0,1,0,4217,4241,NaN,NaN,4212,4241,NaN,NaN
2023-09-25T09:54:00+02:00,4234,4237,4233,4235,4232.551906475969,4229.188798094523,4226.372578193871,0,0,0,0,0,1,4217,4241,NaN,NaN,4212,4241,NaN,NaN
2023-09-25T09:57:00+02:00,4236,4236,4233,4233,4232.592642250881,4229.338256992777,4226.438522689455,0,0,0,1,0,0,4217,4241,NaN,NaN,4212,4241,NaN,NaN
2023-09-25T10:00:00+02:00,4233,4236,4230,4233,4232.629674773528,4229.481854757766,4226.5038110209025,0,0,1,1,1,1,4217,4241,NaN,NaN,NaN,NaN,NaN,NaN
2023-09-25T10:03:00+02:00,4233,4235,4231,4233,4232.663340703207,4229.619821237854,4226.5684497172115,0,0,1,1,1,1,4217,4241,NaN,NaN,NaN,NaN,NaN,NaN
2023-09-25T10:06:00+02:00,4233,4235,4231,4234,4232.784855184734,4229.791592954017,4226.64239549117,0,0,0,0,1,0,4217,4241,NaN,NaN,NaN,NaN,NaN,NaN
2023-09-25T10:09:00+02:00,4233,4235,4231,4232,4232.713504713394,4229.878197151898,4226.69570498877,0,0,0,0,0,1,4217,4241,NaN,NaN,NaN,NaN,NaN,NaN
2023-09-25T10:12:00+02:00,4232,4233,4228,4229,4232.375913375813,4229.843758047902,4226.718633297339,0,0,0,1,0,0,4217,4241,NaN,NaN,NaN,NaN,NaN,NaN
2023-09-25T10:15:00+02:00,4229,4229,4224,4224,4231.614466705285,4229.614591065631,4226.691582219753,0,0,0,1,0,0,4217,4241,NaN,NaN,NaN,NaN,NaN,NaN
2023-09-25T10:18:00+02:00,4224,4224,4221,4223,4230.831333368441,4229.355195337567,4226.654850058363,0,0,0,0,1,0,4217,4241,NaN,NaN,NaN,NaN,NaN,NaN
2023-09-25T10:21:00+02:00,4222,4222,4216,4217,4229.573939425855,4228.8706778733485,4226.558781898579,0,0,0,0,0,0,4216,4241,NaN,NaN,NaN,NaN,NaN,NaN
2023-09-25T10:24:00+02:00,4216,4219,4216,4217,4228.430854023505,4228.405161094001,4226.463669640882,0,0,0,0,0,1,4216,4241,NaN,NaN,NaN,NaN,NaN,NaN
2023-09-25T10:27:00+02:00,4216,4216,4212,4214,4227.118958203187,4227.840252815805,4226.3396530275395,0,0,0,0,1,0,4212,4241,NaN,NaN,NaN,NaN,NaN,NaN
2023-09-25T10:30:00+02:00,4213,4213,4209,4211,4225.6535983665335,4227.1798507445965,4226.187019664081,0,0,0,0,1,0,4209,4241,NaN,NaN,NaN,NaN,NaN,NaN
2023-09-25T10:33:00+02:00,4211,4212,4208,4208,4224.048725787758,4226.427699735004,4226.006054294289,0,0,0,0,0,0,4208,4241,NaN,NaN,NaN,NaN,NaN,NaN
2023-09-25T10:36:00+02:00,4208,4208,4200,4203,4222.135205261598,4225.508966412063,4225.777138331162,0,0,0,0,0,0,4200,4241,NaN,NaN,NaN,NaN,NaN,NaN
2023-09-25T10:39:00+02:00,4203,4203,4197,4203,4220.395641146907,4224.6262618468845,4225.550500138812,0,0,0,0,1,0,4197,4241,NaN,NaN,NaN,NaN,NaN,NaN
2023-09-25T10:42:00+02:00,4203,4203,4192,4194,4217.996037406279,4223.4252319705365,4225.236564814048,0,0,0,0,0,0,4192,4241,NaN,NaN,NaN,NaN,NaN,NaN
2023-09-25T10:45:00+02:00,4193,4197,4191,4192,4215.632761278436,4222.192869932476,4224.905852726346,0,0,0,0,0,1,4191,4241,NaN,NaN,NaN,NaN,NaN,NaN
2023-09-25T10:48:00+02:00,4192,4198,4192,4196,4213.847964798579,4221.165698562575,4224.618232301208,0,0,0,0,0,0,4191,4241,NaN,NaN,NaN,NaN,NaN,NaN
2023-09-25T10:51:00+02:00,4196,4197,4191,4196,4212.225422544162,4220.1788084228665,4224.333473770847,0,0,1,0,1,0,4191,4241,NaN,NaN,NaN,NaN,NaN,NaN
2023-09-25T10:54:00+02:00,4196,4197,4193,4196,4210.750384131056,4219.230619857264,4224.0515486587,0,0,1,0,1,0,4191,4241,NaN,NaN,NaN,NaN,NaN,NaN
2023-09-25T10:57:00+02:00,4196,4197,4194,4196,4209.409440119142,4218.319615156979,4223.772428771549,0,0,1,0,1,0,4191,4241,NaN,NaN,NaN,NaN,NaN,NaN
2023-09-25T11:00:00+02:00,4195,4196,4192,4194,4208.008581926493,4217.365904758666,4223.476185699195,0,0,0,0,1,0,4191,4241,NaN,NaN,NaN,NaN,NaN,NaN
2023-09-25T11:03:00+02:00,4194,4196,4191,4195,4206.825983569539,4216.488810454404,4223.19284056786,0,0,0,0,1,0,4191,4241,NaN,NaN,NaN,NaN,NaN,NaN
2023-09-25T11:06:00+02:00,4195,4203,4195,4200,4206.205439608671,4215.842190436584,4222.962066034846,0,0,0,0,0,0,4191,4241,NaN,NaN,NaN,NaN,NaN,NaN
2023-09-25T11:09:00+02:00,4199,4200,4194,4195,4205.186763280611,4215.02484963515,4222.683836522062,0,0,0,1,0,0,4191,4241,NaN,NaN,NaN,NaN,NaN,NaN
2023-09-25T11:12:00+02:00,4196,4198,4194,4198,4204.533421164191,4214.357208472987,4222.43822620841,0,0,0,0,1,0,4191,4241,NaN,NaN,NaN,NaN,NaN,NaN
2023-09-25T11:15:00+02:00,4197,4199,4195,4197,4203.848564694719,4213.676533630909,4222.18510952972,0,0,1,1,1,1,4191,4241,NaN,NaN,NaN,NaN,NaN,NaN
2023-09-25T11:18:00+02:00,4196,4203,4196,4202,4203.680513358836,4213.218630351265,4221.984262668728,0,0,0,0,0,0,4191,4241,NaN,NaN,NaN,NaN,NaN,NaN
2023-09-25T11:21:00+02:00,4202,4204,4202,4203,4203.6186485080325,4212.817899749255,4221.795364532721,0,0,0,0,0,1,4191,4241,NaN,NaN,NaN,NaN,NaN,NaN
2023-09-25T11:24:00+02:00,4204,4207,4203,4205,4203.744225916394,4212.511315445363,4221.628246477669,0,0,0,0,0,1,4191,4241,NaN,NaN,NaN,NaN,NaN,NaN
2023-09-25T11:27:00+02:00,4205,4209,4205,4207,4204.040205378539,4212.295185427898,4221.482691786348,0,0,0,0,0,1,4191,4241,NaN,NaN,NaN,NaN,NaN,NaN
2023-09-25T11:30:00+02:00,4207,4208,4204,4205,4204.127459435035,4212.0090997248435,4221.3186849029025,0,0,0,1,0,0,4191,4241,NaN,NaN,NaN,NaN,NaN,NaN
2023-09-25T11:33:00+02:00,4205,4206,4204,4204,4204.115872213669,4211.695017382693,4221.146359679988,0,0,0,0,0,1,4191,4241,NaN,NaN,NaN,NaN,NaN,NaN
2023-09-25T11:36:00+02:00,4204,4205,4202,4203,4204.014429285154,4211.354036308861,4220.965798887152,0,0,0,1,0,0,4191,4241,NaN,NaN,NaN,NaN,NaN,NaN
2023-09-25T11:39:00+02:00,4203,4204,4200,4200,4203.6494811683215,4210.908779983024,4220.7571839728525,0,0,0,0,0,0,4191,4241,NaN,NaN,NaN,NaN,NaN,NaN
2023-09-25T11:42:00+02:00,4200,4202,4198,4199,4203.22680106211,4210.441769003298,4220.540694580088,0,0,0,0,0,1,4191,4241,NaN,NaN,NaN,NaN,NaN,NaN
2023-09-25T11:45:00+02:00,4199,4200,4197,4199,4202.8425464201,4209.993072179639,4220.326359310634,0,0,1,0,1,0,4191,4241,NaN,NaN,NaN,NaN,NaN,NaN
2023-09-25T11:48:00+02:00,4199,4202,4198,4200,4202.5841331091815,4209.601186996124,4220.124106979185,0,0,0,0,0,1,4191,4241,NaN,NaN,NaN,NaN,NaN,NaN
2023-09-25T11:51:00+02:00,4201,4203,4199,4202,4202.531030099256,4209.3031012315705,4219.943767606258,0,0,0,0,1,0,4191,4241,NaN,NaN,NaN,NaN,NaN,NaN
2023-09-25T11:54:00+02:00,4202,4207,4202,4206,4202.846390999323,4209.17356784994,4219.805023649977,0,0,0,0,0,0,4191,4241,NaN,NaN,NaN,NaN,NaN,NaN
2023-09-25T11:57:00+02:00,4206,4208,4204,4205,4203.042173635748,4209.009898522491,4219.657709981818,0,0,0,0,0,1,4191,4241,NaN,NaN,NaN,NaN,NaN,NaN
2023-09-25T12:00:00+02:00,4205,4209,4205,4207,4203.401976032498,4208.93107897259,4219.531762618814,0,0,0,0,0,1,4191,4241,NaN,NaN,NaN,NaN,NaN,NaN
2023-09-25T12:03:00+02:00,4207,4207,4203,4206,4203.6381600295435,4208.816134699155,4219.397118214647,1,0,0,0,1,0,4191,4241,NaN,NaN,NaN,NaN,NaN,NaN
2023-09-25T12:06:00+02:00,4205,4205,4201,4204,4203.671054572313,4208.627266671737,4219.2439130582825,1,0,0,0,1,0,4191,4241,NaN,NaN,NaN,NaN,NaN,NaN
2023-09-25T12:09:00+02:00,4203,4204,4202,4204,4203.700958702102,4208.4458052336295,4219.092232331334,0,0,0,0,1,0,4191,4241,NaN,NaN,NaN,NaN,NaN,NaN
2023-09-25T12:12:00+02:00,4204,4205,4202,4204,4203.728144274638,4208.27145993035,4218.942060865351,0,0,1,0,1,0,4191,4241,NaN,NaN,NaN,NaN,NaN,NaN
2023-09-25T12:15:00+02:00,4205,4209,4204,4207,4204.025585704217,4208.221598756611,4218.823234389079,0,0,0,0,0,0,4191,4241,NaN,NaN,NaN,NaN,NaN,NaN
2023-09-25T12:18:00+02:00,4207,4209,4207,4209,4204.477805185651,4208.252124295567,4218.725490763317,0,0,0,1,0,0,4191,4241,NaN,NaN,NaN,NaN,NaN,NaN
2023-09-25T12:21:00+02:00,4208,4209,4206,4206,4204.61618653241,4208.163805695741,4218.5988689646765,0,0,0,0,0,0,4191,4241,NaN,NaN,NaN,NaN,NaN,NaN
2023-09-25T12:24:00+02:00,4206,4208,4205,4206,4204.741987756736,4208.078950570418,4218.473507084431,0,0,1,0,0,1,4191,4241,NaN,NaN,NaN,NaN,NaN,NaN
2023-09-25T12:27:00+02:00,4206,4207,4203,4206,4204.856352506124,4207.997423097068,4218.3493925860785,0,0,1,0,1,0,4191,4241,NaN,NaN,NaN,NaN,NaN,NaN
2023-09-25T12:30:00+02:00,4207,4207,4202,4203,4204.687593187385,4207.801445720713,4218.19666231159,0,0,0,0,0,0,4191,4241,NaN,NaN,NaN,NaN,NaN,NaN
2023-09-25T12:33:00+02:00,4203,4205,4203,4205,4204.715993806713,4207.691585104214,4218.065352238838,0,0,0,1,0,0,4191,4241,NaN,NaN,NaN,NaN,NaN,NaN
2023-09-25T12:36:00+02:00,4205,4205,4201,4201,4204.378176187921,4207.429170002088,4217.895547738949,0,0,0,1,0,0,4191,4241,NaN,NaN,NaN,NaN,NaN,NaN
2023-09-25T12:39:00+02:00,4201,4202,4196,4196,4203.616523807201,4206.980967256908,4217.677681592293,0,0,0,0,0,0,4191,4241,NaN,NaN,NaN,NaN,NaN,NaN
2023-09-25T12:42:00+02:00,4196,4199,4196,4198,4203.105930733819,4206.62877246252,4217.481883765504,0,0,0,0,0,0,4191,4241,NaN,NaN,NaN,NaN,NaN,NaN
2023-09-25T12:45:00+02:00,4198,4208,4198,4207,4203.459937030745,4206.643330405166,4217.377586414604,0,0,0,0,0,0,4191,4241,NaN,NaN,NaN,NaN,NaN,NaN
2023-09-25T12:48:00+02:00,4207,4208,4205,4207,4203.781760937041,4206.657317448101,4217.274326848289,0,0,1,0,1,0,4191,4241,NaN,NaN,NaN,NaN,NaN,NaN
2023-09-25T12:51:00+02:00,4207,4209,4206,4208,4204.165237215492,4206.709971665822,4217.182044989102,0,0,0,1,0,0,4191,4241,NaN,NaN,NaN,NaN,NaN,NaN
2023-09-25T12:54:00+02:00,4209,4209,4207,4208,4204.513852014084,4206.760561012261,4217.090681357369,0,0,0,0,1,0,4191,4241,NaN,NaN,NaN,NaN,NaN,NaN
2023-09-25T12:57:00+02:00,4208,4209,4205,4207,4204.739865467349,4206.769950776486,4216.990276567743,0,0,0,0,1,0,4191,4241,NaN,NaN,NaN,NaN,NaN,NaN
2023-09-25T13:00:00+02:00,4208,4209,4206,4208,4205.0362413339535,4206.818188000938,4216.900821079507,0,0,1,0,1,0,4191,4241,NaN,NaN,NaN,NaN,NaN,NaN
2023-09-25T13:03:00+02:00,4208,4210,4207,4209,4205.396583030867,4206.903749255803,4216.822205944388,0,0,0,1,0,0,4191,4241,NaN,NaN,NaN,NaN,NaN,NaN
2023-09-25T13:06:00+02:00,4209,4212,4209,4212,4205.9968936644245,4207.103602226163,4216.774223795687,0,0,0,1,0,0,4191,4241,NaN,NaN,NaN,NaN,NaN,NaN
2023-09-25T13:09:00+02:00,4211,4213,4209,4210,4206.360812422204,4207.217186452588,4216.70681858379,0,0,0,0,0,1,4191,4241,NaN,NaN,NaN,NaN,NaN,NaN
2023-09-25T13:12:00+02:00,4209,4210,4207,4210,4206.691647656548,4207.3263163956235,4216.640084070518,0,0,0,0,1,0,4191,4241,NaN,NaN,NaN,NaN,NaN,NaN
2023-09-25T13:15:00+02:00,4211,4212,4206,4207,4206.7196796877715,4207.313519674227,4216.544162835986,0,0,0,1,0,0,4191,4241,NaN,NaN,NaN,NaN,NaN,NaN
2023-09-25T13:18:00+02:00,4207,4207,4205,4207,4206.74516335252,4207.301224785041,4216.449196041598,0,0,0,0,1,0,4191,4241,NaN,NaN,NaN,NaN,NaN,NaN
2023-09-25T13:21:00+02:00,4207,4207,4205,4207,4206.768330320472,4207.2894120483725,4216.3551741904375,0,0,0,0,1,0,4191,4241,NaN,NaN,NaN,NaN,NaN,NaN
2023-09-25T13:24:00+02:00,4206,4209,4206,4209,4206.971209382247,4207.356493928828,4216.281988377597,0,0,0,1,0,0,4191,4241,NaN,NaN,NaN,NaN,NaN,NaN
2023-09-25T13:27:00+02:00,4209,4210,4207,4209,4207.155644892952,4207.420945147305,4216.209530781801,0,0,1,0,1,0,4191,4241,NaN,NaN,NaN,NaN,NaN,NaN
2023-09-25T13:30:00+02:00,4209,4209,4200,4201,4206.596040811774,4207.169143376823,4216.058192167056,0,0,0,0,0,0,4191,4241,NaN,NaN,NaN,NaN,NaN,NaN
2023-09-25T13:33:00+02:00,4201,4202,4198,4200,4205.996400737977,4206.888000499301,4215.898409160419,0,0,0,0,1,0,4191,4241,NaN,NaN,NaN,NaN,NaN,NaN
2023-09-25T13:36:00+02:00,4200,4204,4199,4202,4205.633091579979,4206.696314205211,4215.760116531957,0,0,0,0,0,0,4191,4241,NaN,NaN,NaN,NaN,NaN,NaN
2023-09-25T13:39:00+02:00,4201,4204,4201,4202,4205.302810527253,4206.5121450206925,4215.623199949549,0,0,0,0,0,1,4191,4241,NaN,NaN,NaN,NaN,NaN,NaN
2023-09-25T13:42:00+02:00,4202,4202,4199,4200,4204.820736842958,4206.256766784587,4215.467745223683,0,0,0,0,0,0,4191,4241,NaN,NaN,NaN,NaN,NaN,NaN
2023-09-25T13:45:00+02:00,4200,4201,4198,4198,4204.200669857234,4205.932972008721,4215.293936813497,0,0,0,0,0,0,4191,4241,NaN,NaN,NaN,NaN,NaN,NaN
2023-09-25T13:48:00+02:00,4199,4200,4196,4198,4203.6369725974855,4205.621875067202,4215.121857840228,0,0,0,0,1,0,4191,4241,NaN,NaN,NaN,NaN,NaN,NaN
2023-09-25T13:51:00+02:00,4198,4199,4197,4198,4203.124520543169,4205.322978005744,4214.951491095549,0,0,1,1,1,1,4191,4241,NaN,NaN,NaN,NaN,NaN,NaN
2023-09-25T13:54:00+02:00,4198,4198,4195,4195,4202.385927766517,4204.918155338852,4214.7529687960905,0,0,0,1,0,0,4191,4241,NaN,NaN,NaN,NaN,NaN,NaN
2023-09-25T13:57:00+02:00,4194,4195,4192,4193,4201.532661605925,4204.450776698112,4214.536521345383,0,0,0,1,0,0,4191,4241,NaN,NaN,NaN,NaN,NaN,NaN
2023-09-25T14:00:00+02:00,4193,4196,4193,4195,4200.938783278113,4204.080158004069,4214.342128098166,0,0,0,0,0,0,4191,4241,NaN,NaN,NaN,NaN,NaN,NaN
2023-09-25T14:03:00+02:00,4195,4195,4191,4195,4200.3988938891935,4203.724073376458,4214.149669112115,0,0,0,0,1,0,4191,4241,NaN,NaN,NaN,NaN,NaN,NaN
2023-09-25T14:06:00+02:00,4194,4195,4192,4192,4199.635358081085,4203.264305793068,4213.929274394582,0,0,0,0,0,0,4191,4241,NaN,NaN,NaN,NaN,NaN,NaN
2023-09-25T14:09:00+02:00,4193,4193,4185,4186,4198.3957800737135,4202.58727419334,4213.651371166775,0,0,0,0,0,0,4185,4241,NaN,NaN,NaN,NaN,NaN,NaN
2023-09-25T14:12:00+02:00,4187,4190,4185,4188,4197.450709157922,4202.015224224973,4213.396133642727,0,0,0,1,0,0,4185,4241,NaN,NaN,NaN,NaN,NaN,NaN
2023-09-25T14:15:00+02:00,4188,4190,4186,4188,4196.591553779929,4201.4656075887,4213.143435795536,0,0,1,1,1,1,4185,4241,NaN,NaN,NaN,NaN,NaN,NaN
2023-09-25T14:18:00+02:00,4188,4188,4185,4185,4195.537776163572,4200.819897487182,4212.863401608515,0,0,0,1,0,0,4185,4241,NaN,NaN,NaN,NaN,NaN,NaN
2023-09-25T14:21:00+02:00,4185,4185,4183,4185,4194.579796512338,4200.19950935043,4212.586153831316,0,0,0,0,1,0,4183,4241,NaN,NaN,NaN,NaN,NaN,NaN
2023-09-25T14:24:00+02:00,4185,4187,4184,4186,4193.799815011217,4199.642665846492,4212.321614987223,0,0,0,1,0,0,4183,4241,NaN,NaN,NaN,NaN,NaN,NaN
2023-09-25T14:27:00+02:00,4186,4190,4186,4190,4193.454377282925,4199.264522087806,4212.09950936546,0,0,0,1,0,0,4183,4241,NaN,NaN,NaN,NaN,NaN,NaN
2023-09-25T14:30:00+02:00,4189,4190,4185,4187,4192.86761571175,4198.783560437304,4211.8497630036145,0,0,0,0,0,0,4183,4241,NaN,NaN,NaN,NaN,NaN,NaN
2023-09-25T14:33:00+02:00,4187,4189,4186,4187,4192.33419610159,4198.321460027998,4211.602501680195,0,0,1,0,0,1,4183,4241,NaN,NaN,NaN,NaN,NaN,NaN
2023-09-25T14:36:00+02:00,4187,4191,4186,4191,4192.2129055469,4198.034343948469,4211.397501663477,0,0,0,0,0,0,4183,4241,NaN,NaN,NaN,NaN,NaN,NaN
2023-09-25T14:39:00+02:00,4190,4192,4186,4188,4191.829914133546,4197.640840264215,4211.164690701651,0,0,0,1,0,0,4183,4241,NaN,NaN,NaN,NaN,NaN,NaN
2023-09-25T14:42:00+02:00,4188,4190,4187,4189,4191.572649212314,4197.301983783265,4210.944146515565,0,0,0,1,0,0,4183,4241,NaN,NaN,NaN,NaN,NaN,NaN
2023-09-25T14:45:00+02:00,4189,4192,4188,4189,4191.338772011194,4196.976415791764,4210.725796798993,0,0,1,0,0,1,4183,4241,NaN,NaN,NaN,NaN,NaN,NaN
2023-09-25T14:48:00+02:00,4189,4192,4187,4191,4191.307974555631,4196.742046545029,4210.529520213928,0,0,0,0,0,0,4183,4241,NaN,NaN,NaN,NaN,NaN,NaN
2023-09-25T14:51:00+02:00,4191,4192,4189,4191,4191.2799768687555,4196.516868249145,4210.33519662971,0,0,1,0,1,0,4183,4241,NaN,NaN,NaN,NaN,NaN,NaN
2023-09-25T14:54:00+02:00,4191,4193,4188,4189,4191.072706244323,4196.22208910212,4210.122906115981,0,0,0,0,0,0,4183,4241,NaN,NaN,NaN,NaN,NaN,NaN
2023-09-25T14:57:00+02:00,4189,4192,4188,4190,4190.975187494839,4195.978085607919,4209.922678194429,0,0,0,0,0,1,4183,4241,NaN,NaN,NaN,NaN,NaN,NaN
2023-09-25T15:00:00+02:00,4190,4191,4186,4188,4190.704715904399,4195.665219505648,4209.704542092992,0,0,0,0,0,0,4183,4241,NaN,NaN,NaN,NaN,NaN,NaN
2023-09-25T15:03:00+02:00,4189,4189,4186,4187,4190.367923549454,4195.325406976014,4209.478626251271,0,0,0,0,0,0,4183,4241,NaN,NaN,NaN,NaN,NaN,NaN
2023-09-25T15:06:00+02:00,4187,4188,4181,4182,4189.607203226776,4194.802841996563,4209.205207084591,0,0,0,1,0,0,4181,4241,NaN,NaN,NaN,NaN,NaN,NaN
2023-09-25T15:09:00+02:00,4181,4182,4176,4178,4188.552002933432,4194.143907016306,4208.89470751161,0,0,0,0,0,0,4176,4241,NaN,NaN,NaN,NaN,NaN,NaN
2023-09-25T15:12:00+02:00,4178,4182,4177,4181,4187.865457212211,4193.628459682333,4208.617148232888,0,0,0,1,0,0,4176,4241,NaN,NaN,NaN,NaN,NaN,NaN
2023-09-25T15:15:00+02:00,4181,4184,4179,4180,4187.150415647465,4193.094010283026,4208.3324004892775,0,0,0,0,0,1,4176,4241,NaN,NaN,NaN,NaN,NaN,NaN
2023-09-25T15:18:00+02:00,4181,4184,4180,4182,4186.68219604315,4192.658951056241,4208.070386554061,0,0,0,0,0,1,4176,4241,NaN,NaN,NaN,NaN,NaN,NaN
2023-09-25T15:21:00+02:00,4182,4183,4178,4181,4186.1656327665,4192.20173728933,4207.801029473921,0,0,0,0,1,0,4176,4241,NaN,NaN,NaN,NaN,NaN,NaN
2023-09-25T15:24:00+02:00,4180,4182,4179,4180,4185.605120696818,4191.723237787787,4207.524402314976,0,0,1,0,0,1,4176,4241,NaN,NaN,NaN,NaN,NaN,NaN
2023-09-25T15:27:00+02:00,4180,4181,4177,4178,4184.9137460880165,4191.185071600031,4207.230627167563,0,0,0,1,0,0,4176,4241,NaN,NaN,NaN,NaN,NaN,NaN
2023-09-25T15:30:00+02:00,4179,4180,4173,4174,4183.921587352742,4190.511147223559,4206.899974160921,0,0,0,1,0,0,4173,4241,NaN,NaN,NaN,NaN,NaN,NaN
2023-09-25T15:33:00+02:00,4175,4175,4172,4175,4183.110533957038,4189.902866940282,4206.582561482704,0,0,0,0,1,0,4172,4241,NaN,NaN,NaN,NaN,NaN,NaN
2023-09-25T15:36:00+02:00,4175,4176,4171,4172,4182.100485415489,4189.200793726938,4206.238456393324,0,0,0,1,0,0,4171,4241,NaN,NaN,NaN,NaN,NaN,NaN
2023-09-25T15:39:00+02:00,4172,4184,4172,4181,4182.000441286808,4188.879193972941,4205.9873274739875,0,0,0,0,0,0,4171,4241,NaN,NaN,NaN,NaN,NaN,NaN
2023-09-25T15:42:00+02:00,4181,4186,4179,4184,4182.182219351644,4188.687853032826,4205.768548096137,0,0,0,1,0,0,4171,4241,NaN,NaN,NaN,NaN,NaN,NaN
2023-09-25T15:45:00+02:00,4183,4187,4180,4183,4182.256563046949,4188.464799972715,4205.541995378762,0,0,1,0,0,1,4171,4241,NaN,NaN,NaN,NaN,NaN,NaN
2023-09-25T15:48:00+02:00,4183,4187,4182,4187,4182.687784588135,4188.40735683653,4205.357497912307,0,0,0,0,0,0,4171,4241,NaN,NaN,NaN,NaN,NaN,NaN
2023-09-25T15:51:00+02:00,4187,4189,4186,4187,4183.079804171032,4188.352166372352,4205.174836241537,0,0,1,0,0,1,4171,4241,NaN,NaN,NaN,NaN,NaN,NaN
2023-09-25T15:54:00+02:00,4186,4192,4185,4192,4183.8907310645745,4188.495218671475,4205.043743343612,0,0,0,0,0,0,4171,4241,NaN,NaN,NaN,NaN,NaN,NaN
2023-09-25T15:57:00+02:00,4191,4192,4188,4189,4184.355210058704,4188.515014017692,4204.8841041063615,0,0,0,1,0,0,4171,4241,NaN,NaN,NaN,NaN,NaN,NaN
2023-09-25T16:00:00+02:00,4188,4189,4183,4184,4184.322918235185,4188.337954644449,4204.676302075452,0,0,0,1,0,0,4171,4241,NaN,NaN,NaN,NaN,NaN,NaN
2023-09-25T16:03:00+02:00,4184,4189,4183,4189,4184.748107486532,4188.363917207412,4204.520318970224,0,0,0,0,0,0,4171,4241,NaN,NaN,NaN,NaN,NaN,NaN
2023-09-25T16:06:00+02:00,4188,4191,4186,4188,4185.043734078666,4188.349645944376,4204.355937686939,0,0,1,0,0,1,4171,4241,NaN,NaN,NaN,NaN,NaN,NaN
2023-09-25T16:09:00+02:00,4188,4188,4185,4188,4185.312485526059,4188.335934338714,4204.193192038312,0,0,0,0,1,0,4171,4241,NaN,NaN,NaN,NaN,NaN,NaN
2023-09-25T16:12:00+02:00,4188,4189,4186,4187,4185.465895932782,4188.283544756803,4204.0221155006175,0,0,0,1,0,0,4171,4241,NaN,NaN,NaN,NaN,NaN,NaN
2023-09-25T16:15:00+02:00,4187,4191,4185,4189,4185.78717812071,4188.31164104085,4203.872641714542,0,0,0,1,0,0,4171,4241,NaN,NaN,NaN,NaN,NaN,NaN
2023-09-25T16:18:00+02:00,4188,4189,4184,4187,4185.897434655191,4188.2602041372875,4203.704754732307,0,0,0,0,1,0,4171,4241,NaN,NaN,NaN,NaN,NaN,NaN
2023-09-25T16:21:00+02:00,4186,4188,4181,4182,4185.54312241381,4188.014705935825,4203.488787023528,0,0,0,0,0,0,4171,4241,NaN,NaN,NaN,NaN,NaN,NaN
2023-09-25T16:24:00+02:00,4182,4184,4177,4177,4184.766474921646,4187.58275668344,4203.2252170033935,0,0,0,0,0,0,4171,4241,NaN,NaN,NaN,NaN,NaN,NaN
2023-09-25T16:27:00+02:00,4178,4180,4177,4177,4184.060431746951,4187.167746617422,4202.964269570524,0,0,0,0,0,1,4171,4241,NaN,NaN,NaN,NaN,NaN,NaN
2023-09-25T16:30:00+02:00,4177,4179,4176,4178,4183.509483406318,4186.808227142229,4202.71586887828,0,0,0,1,0,0,4171,4241,NaN,NaN,NaN,NaN,NaN,NaN
2023-09-25T16:33:00+02:00,4179,4182,4177,4178,4183.008621278471,4186.462806469985,4202.469939834715,0,0,0,0,0,1,4171,4241,NaN,NaN,NaN,NaN,NaN,NaN
2023-09-25T16:36:00+02:00,4178,4180,4176,4176,4182.371473889519,4186.052500333907,4202.206557348797,0,0,0,0,0,1,4171,4241,NaN,NaN,NaN,NaN,NaN,NaN
2023-09-25T16:39:00+02:00,4176,4178,4175,4178,4181.974067172289,4185.736716007087,4201.965696081645,0,0,0,0,0,0,4171,4241,NaN,NaN,NaN,NaN,NaN,NaN
2023-09-25T16:42:00+02:00,4178,4179,4176,4177,4181.521879247536,4185.394099693083,4201.7172811952605,0,0,0,1,0,0,4171,4241,NaN,NaN,NaN,NaN,NaN,NaN
2023-09-25T16:45:00+02:00,4178,4181,4178,4181,4181.474435679578,4185.22178205806,4201.5111390938155,0,0,0,1,0,0,4171,4241,NaN,NaN,NaN,NaN,NaN,NaN
2023-09-25T16:48:00+02:00,4181,4181,4178,4179,4181.2494869814345,4184.977790604803,4201.287147660046,0,0,0,0,0,0,4171,4241,NaN,NaN,NaN,NaN,NaN,NaN
2023-09-25T16:51:00+02:00,4179,4179,4175,4176,4180.772260892213,4184.625720385006,4201.035534250493,0,0,0,0,0,0,4171,4241,NaN,NaN,NaN,NaN,NaN,NaN
2023-09-25T16:54:00+02:00,4175,4176,4172,4174,4180.156600811103,4184.209025467947,4200.766523959443,0,0,0,0,1,0,4171,4241,NaN,NaN,NaN,NaN,NaN,NaN
2023-09-25T16:57:00+02:00,4175,4177,4175,4175,4179.687818919185,4183.847887214302,4200.510140636463,0,0,0,0,0,1,4171,4241,NaN,NaN,NaN,NaN,NaN,NaN
2023-09-25T17:00:00+02:00,4175,4179,4174,4177,4179.443471744714,4183.579342617663,4200.276208888837,0,0,0,0,0,0,4171,4241,NaN,NaN,NaN,NaN,NaN,NaN
2023-09-25T17:03:00+02:00,4177,4178,4175,4176,4179.130428858831,4183.282113495402,4200.034654571535,0,0,0,1,0,0,4171,4241,NaN,NaN,NaN,NaN,NaN,NaN
2023-09-25T17:06:00+02:00,4177,4178,4175,4178,4179.027662598937,4183.0749717897,4199.81540427729,0,0,0,0,1,0,4171,4241,NaN,NaN,NaN,NaN,NaN,NaN
2023-09-25T17:09:00+02:00,4178,4183,4178,4181,4179.206965999034,4182.993600346967,4199.628186324282,0,0,0,0,0,0,4171,4241,NaN,NaN,NaN,NaN,NaN,NaN
2023-09-25T17:12:00+02:00,4182,4184,4180,4182,4179.46087818094,4182.954635627478,4199.4527814852345,0,0,1,1,1,1,4171,4241,NaN,NaN,NaN,NaN,NaN,NaN
2023-09-25T17:15:00+02:00,4183,4188,4183,4187,4180.146252891764,4183.113277367576,4199.32887321175,0,0,0,0,0,0,4171,4241,NaN,NaN,NaN,NaN,NaN,NaN
2023-09-25T17:18:00+02:00,4187,4190,4187,4188,4180.860229901603,4183.30491354924,4199.216148105165,0,0,0,0,0,1,4171,4241,NaN,NaN,NaN,NaN,NaN,NaN
2023-09-25T17:21:00+02:00,4188,4191,4188,4191,4181.782027183275,4183.6066816453485,4199.134395387701,0,0,0,1,0,0,4171,4241,NaN,NaN,NaN,NaN,NaN,NaN
2023-09-25T17:24:00+02:00,4191,4193,4189,4192,4182.710933802978,4183.935831384747,4199.063406378868,0,0,0,0,1,0,4171,4241,NaN,NaN,NaN,NaN,NaN,NaN
2023-09-25T17:27:00+02:00,4193,4194,4191,4192,4183.5553943663435,4184.252073291227,4198.993123728333,0,0,0,1,0,0,4171,4241,NaN,NaN,NaN,NaN,NaN,NaN
2023-09-25T17:30:00+02:00,4191,4194,4191,4193,4184.413994878494,4184.595129240591,4198.933490656409,0,0,0,0,0,0,4171,4241,NaN,NaN,NaN,NaN,NaN,NaN
2023-09-25T17:33:00+02:00,4193,4195,4191,4194,4185.28544988954,4184.9639477017445,4198.884401197141,0,0,0,0,1,0,4171,4241,NaN,NaN,NaN,NaN,NaN,NaN
2023-09-25T17:36:00+02:00,4194,4195,4193,4195,4186.168590808673,4185.357518380108,4198.845750438961,0,0,0,0,1,0,4171,4241,NaN,NaN,NaN,NaN,NaN,NaN
2023-09-25T17:39:00+02:00,4194,4195,4192,4194,4186.880537098794,4185.696439227947,4198.797534016682,0,0,1,0,1,0,4171,4241,NaN,NaN,NaN,NaN,NaN,NaN
2023-09-25T17:42:00+02:00,4194,4199,4193,4198,4187.8913973625395,4186.178931807243,4198.789598354825,0,0,0,1,0,0,4171,4241,NaN,NaN,NaN,NaN,NaN,NaN
2023-09-25T17:45:00+02:00,4198,4199,4196,4198,4188.810361238672,4186.64250310892,4198.781741654777,0,0,1,0,1,0,4171,4241,NaN,NaN,NaN,NaN,NaN,NaN
2023-09-25T17:48:00+02:00,4198,4198,4196,4198,4189.645782944247,4187.087895143864,4198.773963130849,0,0,0,0,1,0,4171,4241,NaN,NaN,NaN,NaN,NaN,NaN
2023-09-25T17:51:00+02:00,4197,4199,4197,4198,4190.405257222043,4187.5158208244975,4198.766262005169,0,0,0,0,0,1,4171,4241,NaN,NaN,NaN,NaN,NaN,NaN
2023-09-25T17:54:00+02:00,4198,4200,4197,4198,4191.095688383675,4187.926965105889,4198.758637507605,0,0,1,0,0,1,4171,4241,NaN,NaN,NaN,NaN,NaN,NaN
2023-09-25T17:57:00+02:00,4197,4198,4195,4195,4191.450625803341,4188.204339023306,4198.72123812942,0,0,0,0,0,0,4171,4241,NaN,NaN,NaN,NaN,NaN,NaN
2023-09-25T18:00:00+02:00,4196,4196,4194,4195,4191.773296184855,4188.470835532195,4198.684210884351,0,0,0,0,1,0,NaN,NaN,NaN,NaN,NaN,NaN,NaN,NaN
2023-09-25T18:03:00+02:00,4195,4195,4192,4193,4191.884814713505,4188.64844982505,4198.627651572069,0,0,0,0,0,0,NaN,NaN,NaN,NaN,NaN,NaN,NaN,NaN
2023-09-25T18:06:00+02:00,4193,4193,4192,4193,4191.986195194096,4188.819098851519,4198.571655039013,0,0,0,0,1,0,NaN,NaN,NaN,NaN,NaN,NaN,NaN,NaN
2023-09-25T18:09:00+02:00,4192,4194,4192,4193,4192.07835926736,4188.983055759302,4198.516215685391,0,0,0,0,0,1,NaN,NaN,NaN,NaN,NaN,NaN,NaN,NaN
2023-09-25T18:12:00+02:00,4193,4194,4192,4193,4192.162144788509,4189.140582984428,4198.461327967128,0,0,1,1,1,1,NaN,NaN,NaN,NaN,NaN,NaN,NaN,NaN
2023-09-25T18:15:00+02:00,4193,4196,4193,4196,4192.511040716827,4189.409579730137,4198.436837141585,0,0,0,1,0,0,NaN,NaN,NaN,NaN,NaN,NaN,NaN,NaN
2023-09-25T18:18:00+02:00,4196,4196,4195,4195,4192.73730974257,4189.628811897583,4198.4026397570915,0,0,0,1,0,0,NaN,NaN,NaN,NaN,NaN,NaN,NaN,NaN
2023-09-25T18:21:00+02:00,4196,4196,4195,4196,4193.0339179477905,4189.878662411403,4198.378732893837,0,0,0,0,1,0,NaN,NaN,NaN,NaN,NaN,NaN,NaN,NaN
2023-09-25T18:24:00+02:00,4197,4199,4197,4199,4193.576289043446,4190.236361924681,4198.384914656087,0,0,0,1,0,0,NaN,NaN,NaN,NaN,NaN,NaN,NaN,NaN
2023-09-25T18:27:00+02:00,4198,4199,4197,4198,4193.978444584951,4190.5408183197915,4198.381084659509,0,0,1,1,1,1,NaN,NaN,NaN,NaN,NaN,NaN,NaN,NaN
2023-09-25T18:30:00+02:00,4198,4200,4198,4199,4194.434949622682,4190.872550934701,4198.387243021106,0,0,0,0,0,1,NaN,NaN,NaN,NaN,NaN,NaN,NaN,NaN
2023-09-25T18:33:00+02:00,4199,4200,4198,4199,4194.849954202438,4191.191274427458,4198.393340105473,0,0,1,1,1,1,NaN,NaN,NaN,NaN,NaN,NaN,NaN,NaN
2023-09-25T18:36:00+02:00,4199,4200,4197,4198,4195.136322002217,4191.4582832734395,4198.389426273578,0,0,0,1,0,0,NaN,NaN,NaN,NaN,NaN,NaN,NaN,NaN
2023-09-25T18:39:00+02:00,4199,4199,4197,4198,4195.396656365651,4191.714821184285,4198.385551385283,0,0,0,0,1,0,NaN,NaN,NaN,NaN,NaN,NaN,NaN,NaN
2023-09-25T18:42:00+02:00,4198,4198,4196,4196,4195.451505786956,4191.882867412352,4198.361814555579,0,0,0,1,0,0,NaN,NaN,NaN,NaN,NaN,NaN,NaN,NaN
2023-09-25T18:45:00+02:00,4196,4197,4195,4196,4195.501368897232,4192.04432359226,4198.338313913235,0,0,1,1,1,1,NaN,NaN,NaN,NaN,NaN,NaN,NaN,NaN
2023-09-25T18:48:00+02:00,4196,4196,4192,4192,4195.183062633848,4192.042585412171,4198.275246113103,0,0,0,1,0,0,NaN,NaN,NaN,NaN,NaN,NaN,NaN,NaN
2023-09-25T18:51:00+02:00,4192,4193,4191,4193,4194.984602394407,4192.080131082283,4198.222756102027,0,0,0,0,1,0,NaN,NaN,NaN,NaN,NaN,NaN,NaN,NaN
2023-09-25T18:54:00+02:00,4192,4194,4192,4194,4194.895093085825,4192.155420059448,4198.180738628375,0,0,0,1,0,0,NaN,NaN,NaN,NaN,NaN,NaN,NaN,NaN
2023-09-25T18:57:00+02:00,4194,4195,4193,4195,4194.904630078022,4192.26697221398,4198.149089487794,0,0,0,0,1,0,NaN,NaN,NaN,NaN,NaN,NaN,NaN,NaN
2023-09-25T19:00:00+02:00,4195,4196,4194,4195,4194.913300070929,4192.374149774216,4198.117755264035,0,0,1,1,1,1,NaN,NaN,NaN,NaN,NaN,NaN,NaN,NaN
2023-09-25T19:03:00+02:00,4195,4195,4193,4195,4194.9211818826625,4192.477124292874,4198.086732823596,0,0,0,0,1,0,NaN,NaN,NaN,NaN,NaN,NaN,NaN,NaN
2023-09-25T19:06:00+02:00,4195,4198,4195,4198,4195.201074438784,4192.693707653937,4198.085869810427,0,0,0,1,0,0,NaN,NaN,NaN,NaN,NaN,NaN,NaN,NaN
2023-09-25T19:09:00+02:00,4198,4200,4198,4199,4195.546431307986,4192.941013236135,4198.094965633209,0,0,0,0,0,1,NaN,NaN,NaN,NaN,NaN,NaN,NaN,NaN
2023-09-25T19:12:00+02:00,4199,4200,4199,4199,4195.860392098169,4193.178620560208,4198.103970950291,0,0,0,0,0,1,NaN,NaN,NaN,NaN,NaN,NaN,NaN,NaN
2023-09-25T19:15:00+02:00,4199,4200,4199,4200,4196.236720089244,4193.446125636278,4198.122836910985,0,0,0,1,0,0,NaN,NaN,NaN,NaN,NaN,NaN,NaN,NaN
2023-09-25T19:18:00+02:00,4200,4200,4197,4198,4196.397018262949,4193.62470894466,4198.121614653164,0,0,0,0,0,0,NaN,NaN,NaN,NaN,NaN,NaN,NaN,NaN
2023-09-25T19:21:00+02:00,4198,4198,4196,4197,4196.4518347845,4193.757073299771,4198.110454308357,0,0,0,0,1,0,NaN,NaN,NaN,NaN,NaN,NaN,NaN,NaN
2023-09-25T19:24:00+02:00,4196,4196,4195,4195,4196.31984980409,4193.805815523309,4198.079504514243,0,0,0,1,0,0,NaN,NaN,NaN,NaN,NaN,NaN,NaN,NaN
2023-09-25T19:27:00+02:00,4195,4195,4192,4193,4196.018045276445,4193.774214914552,4198.028962180768,0,0,0,0,0,0,NaN,NaN,NaN,NaN,NaN,NaN,NaN,NaN
2023-09-25T19:30:00+02:00,4194,4194,4191,4192,4195.652768433132,4193.704637859079,4197.968972507328,0,0,0,0,0,0,NaN,NaN,NaN,NaN,NaN,NaN,NaN,NaN
2023-09-25T19:33:00+02:00,4192,4193,4191,4191,4195.229789484666,4193.598573629311,4197.899629497305,0,0,0,0,0,1,NaN,NaN,NaN,NaN,NaN,NaN,NaN,NaN
2023-09-25T19:36:00+02:00,4192,4194,4192,4194,4195.117990440605,4193.614315839926,4197.86082721375,0,0,0,1,0,0,NaN,NaN,NaN,NaN,NaN,NaN,NaN,NaN
2023-09-25T19:39:00+02:00,4194,4194,4193,4193,4194.925445855096,4193.5902250226745,4197.812460773812,0,0,0,1,0,0,NaN,NaN,NaN,NaN,NaN,NaN,NaN,NaN
2023-09-25T19:42:00+02:00,4193,4193,4192,4193,4194.750405322814,4193.567078943354,4197.764575591983,0,0,0,0,1,0,NaN,NaN,NaN,NaN,NaN,NaN,NaN,NaN
2023-09-25T19:45:00+02:00,4193,4193,4191,4191,4194.4094593843765,4193.46640918087,4197.6972663821125,0,0,0,1,0,0,NaN,NaN,NaN,NaN,NaN,NaN,NaN,NaN
2023-09-25T19:48:00+02:00,4191,4194,4191,4194,4194.372235803979,4193.487334311032,4197.660477661892,0,0,0,1,0,0,NaN,NaN,NaN,NaN,NaN,NaN,NaN,NaN
2023-09-25T19:51:00+02:00,4193,4196,4193,4194,4194.338396185435,4193.507438847854,4197.62405499859,0,0,0,0,0,1,NaN,NaN,NaN,NaN,NaN,NaN,NaN,NaN
2023-09-25T19:54:00+02:00,4194,4195,4194,4195,4194.3985419867595,4193.565970657743,4197.597944998603,0,0,0,1,0,0,NaN,NaN,NaN,NaN,NaN,NaN,NaN,NaN
2023-09-25T19:57:00+02:00,4195,4196,4195,4196,4194.544129078872,4193.661422788811,4197.582045048369,0,0,0,1,0,0,NaN,NaN,NaN,NaN,NaN,NaN,NaN,NaN
2023-09-25T20:00:00+02:00,4196,4198,4196,4197,4194.767390071702,4193.792347385329,4197.57625355535,0,0,0,0,0,1,NaN,NaN,NaN,NaN,NaN,NaN,NaN,NaN
2023-09-25T20:03:00+02:00,4197,4198,4197,4198,4195.061263701547,4193.957353370218,4197.580469937884,0,0,0,1,0,0,NaN,NaN,NaN,NaN,NaN,NaN,NaN,NaN
2023-09-25T20:06:00+02:00,4197,4198,4196,4196,4195.146603365043,4194.037457159621,4197.56474386885,0,0,0,0,0,1,NaN,NaN,NaN,NaN,NaN,NaN,NaN,NaN
2023-09-25T20:09:00+02:00,4196,4196,4196,4196,4195.224184877312,4194.11441962395,4197.549174278115,0,0,0,1,0,0,NaN,NaN,NaN,NaN,NaN,NaN,NaN,NaN
2023-09-25T20:12:00+02:00,4196,4196,4195,4195,4195.20380443392,4194.149148266149,4197.523809359925,0,0,0,1,0,0,NaN,NaN,NaN,NaN,NaN,NaN,NaN,NaN
2023-09-25T20:15:00+02:00,4196,4196,4196,4196,4195.276185849018,4194.221730687084,4197.508647077736,0,0,0,1,0,0,NaN,NaN,NaN,NaN,NaN,NaN,NaN,NaN
2023-09-25T20:18:00+02:00,4195,4196,4195,4195,4195.251078044562,4194.252251052297,4197.483685415271,0,0,0,0,0,1,NaN,NaN,NaN,NaN,NaN,NaN,NaN,NaN
2023-09-25T20:21:00+02:00,4195,4195,4194,4194,4195.1373436768745,4194.242358854168,4197.4490218788005,0,0,0,1,0,0,NaN,NaN,NaN,NaN,NaN,NaN,NaN,NaN
2023-09-25T20:24:00+02:00,4194,4196,4194,4196,4195.215766978977,4194.311285957926,4197.434603750653,0,0,0,1,0,0,NaN,NaN,NaN,NaN,NaN,NaN,NaN,NaN
2023-09-25T20:27:00+02:00,4196,4196,4195,4195,4195.196151799069,4194.338294351733,4197.4103788377115,0,0,0,1,0,0,NaN,NaN,NaN,NaN,NaN,NaN,NaN,NaN
2023-09-25T20:30:00+02:00,4195,4195,4194,4195,4195.178319817336,4194.364243592841,4197.386394968679,0,0,0,0,1,0,NaN,NaN,NaN,NaN,NaN,NaN,NaN,NaN
2023-09-25T20:33:00+02:00,4196,4197,4196,4197,4195.343927106669,4194.467606589201,4197.3825502426225,0,0,0,1,0,0,NaN,NaN,NaN,NaN,NaN,NaN,NaN,NaN
2023-09-25T20:36:00+02:00,4198,4200,4198,4198,4195.58538827879,4194.606131820997,4197.388694021303,0,0,0,0,0,1,NaN,NaN,NaN,NaN,NaN,NaN,NaN,NaN
2023-09-25T20:39:00+02:00,4197,4198,4197,4197,4195.713989344355,4194.700009004487,4197.384826419101,0,0,0,0,0,1,NaN,NaN,NaN,NaN,NaN,NaN,NaN,NaN
2023-09-25T20:42:00+02:00,4197,4197,4196,4196,4195.73999031305,4194.750989043527,4197.371047051747,0,0,0,1,0,0,NaN,NaN,NaN,NaN,NaN,NaN,NaN,NaN
2023-09-25T20:45:00+02:00,4196,4197,4196,4196,4195.763627557318,4194.799969865349,4197.357404792526,0,0,0,0,0,1,NaN,NaN,NaN,NaN,NaN,NaN,NaN,NaN
2023-09-25T20:48:00+02:00,4196,4197,4195,4196,4195.785115961198,4194.84702987063,4197.343898277178,0,0,1,1,1,1,NaN,NaN,NaN,NaN,NaN,NaN,NaN,NaN
2023-09-25T20:51:00+02:00,4195,4196,4195,4196,4195.804650873816,4194.892244385507,4197.330526155017,0,0,0,1,0,0,NaN,NaN,NaN,NaN,NaN,NaN,NaN,NaN
2023-09-25T20:54:00+02:00,4196,4196,4195,4195,4195.731500794378,4194.8964700958795,4197.307336840042,0,0,0,1,0,0,NaN,NaN,NaN,NaN,NaN,NaN,NaN,NaN
2023-09-25T20:57:00+02:00,4194,4195,4194,4195,4195.6650007221615,4194.90053009212,4197.28437826452,0,0,0,1,0,0,NaN,NaN,NaN,NaN,NaN,NaN,NaN,NaN
2023-09-25T21:00:00+02:00,4195,4195,4193,4193,4195.422727929238,4194.825999500272,4197.241747635022,0,0,0,1,0,0,NaN,NaN,NaN,NaN,NaN,NaN,NaN,NaN
2023-09-25T21:03:00+02:00,4193,4193,4191,4193,4195.202479935671,4194.754391676732,4197.199541190892,0,0,0,0,1,0,NaN,NaN,NaN,NaN,NaN,NaN,NaN,NaN
2023-09-25T21:06:00+02:00,4192,4192,4191,4191,4194.820436305155,4194.607160630585,4197.137854213868,0,0,0,1,0,0,NaN,NaN,NaN,NaN,NaN,NaN,NaN,NaN
2023-09-25T21:09:00+02:00,4191,4191,4191,4191,4194.473123913777,4194.465703350954,4197.076781037611,0,0,0,1,0,0,NaN,NaN,NaN,NaN,NaN,NaN,NaN,NaN
2023-09-25T21:12:00+02:00,4192,4193,4191,4193,4194.339203557979,4194.4082247881715,4197.036216052162,0,0,0,0,1,0,NaN,NaN,NaN,NaN,NaN,NaN,NaN,NaN
2023-09-25T21:15:00+02:00,4193,4198,4193,4197,4194.5810941436175,4194.5098630317725,4197.035855693433,0,0,0,0,0,0,NaN,NaN,NaN,NaN,NaN,NaN,NaN,NaN
2023-09-25T21:18:00+02:00,4197,4198,4196,4197,4194.800994676016,4194.607515461899,4197.035498920364,0,0,1,1,1,1,NaN,NaN,NaN,NaN,NaN,NaN,NaN,NaN
2023-09-25T21:21:00+02:00,4198,4198,4195,4195,4194.819086069106,4194.622907012413,4197.015245199764,0,0,0,1,0,0,NaN,NaN,NaN,NaN,NaN,NaN,NaN,NaN
2023-09-25T21:24:00+02:00,4194,4195,4194,4194,4194.744623699187,4194.598479286436,4196.985242759965,0,0,0,0,0,1,NaN,NaN,NaN,NaN,NaN,NaN,NaN,NaN
2023-09-25T21:27:00+02:00,4194,4194,4192,4194,4194.676930635625,4194.575009510497,4196.955538851906,0,0,0,0,1,0,NaN,NaN,NaN,NaN,NaN,NaN,NaN,NaN
2023-09-25T21:30:00+02:00,4194,4195,4193,4194,4194.615391486931,4194.552460117929,4196.92613050512,0,0,1,1,1,1,NaN,NaN,NaN,NaN,NaN,NaN,NaN,NaN
2023-09-25T21:33:00+02:00,4194,4194,4193,4194,4194.559446806301,4194.530795015265,4196.897014778701,0,0,0,0,1,0,NaN,NaN,NaN,NaN,NaN,NaN,NaN,NaN
2023-09-25T21:36:00+02:00,4194,4195,4194,4195,4194.599497096638,4194.549195210744,4196.878139009759,0,0,0,1,0,0,NaN,NaN,NaN,NaN,NaN,NaN,NaN,NaN
2023-09-25T21:39:00+02:00,4195,4197,4195,4196,4194.726815542398,4194.606089516205,4196.8694013081695,0,0,0,0,0,1,NaN,NaN,NaN,NaN,NaN,NaN,NaN,NaN
2023-09-25T21:42:00+02:00,4196,4196,4195,4195,4194.751650493089,4194.621536986158,4196.850800300128,0,0,0,1,0,0,NaN,NaN,NaN,NaN,NaN,NaN,NaN,NaN
2023-09-25T21:45:00+02:00,4195,4197,4195,4196,4194.865136811899,4194.67559435925,4196.8423346254995,0,0,0,0,0,1,NaN,NaN,NaN,NaN,NaN,NaN,NaN,NaN
2023-09-25T21:48:00+02:00,4196,4198,4195,4198,4195.150124374453,4194.805963207907,4196.853853683952,0,0,0,0,0,0,NaN,NaN,NaN,NaN,NaN,NaN,NaN,NaN
2023-09-25T21:51:00+02:00,4198,4199,4194,4196,4195.227385794958,4194.852788180146,4196.845357627396,0,0,0,0,0,0,NaN,NaN,NaN,NaN,NaN,NaN,NaN,NaN
2023-09-25T21:54:00+02:00,4196,4201,4195,4199,4195.570350722689,4195.015423937787,4196.866796854984,0,0,0,0,0,0,NaN,NaN,NaN,NaN,NaN,NaN,NaN,NaN
2023-09-25T21:57:00+02:00,4199,4200,4198,4199,4195.882137020626,4195.17168182258,4196.888022756925,0,0,1,1,1,1,NaN,NaN,NaN,NaN,NaN,NaN,NaN,NaN
2023-09-25T22:03:00+02:00,4200,4200,4200,4200,4196.256488200569,4195.361027633458,4196.918987704617,0,0,0,1,0,0,NaN,NaN,NaN,NaN,NaN,NaN,NaN,NaN
2023-09-26T02:15:00+02:00,4192,4192,4188,4188,4195.505898364154,4195.072359883126,4196.830241558303,0,0,0,1,0,0,NaN,NaN,4188,4192,4188,4192,4188,4192
2023-09-26T02:18:00+02:00,4188,4188,4187,4187,4194.732634876504,4194.7557967504545,4196.732428209464,0,0,0,1,0,0,NaN,NaN,4187,4192,4187,4192,4187,4192
2023-09-26T02:21:00+02:00,4187,4189,4187,4188,4194.120577160458,4194.4908635445545,4196.645538376534,0,0,0,0,0,1,NaN,NaN,4187,4192,4187,4192,4187,4192
2023-09-26T02:24:00+02:00,4188,4189,4187,4187,4193.473251964053,4194.197104189866,4196.5495628703,0,0,0,0,0,1,NaN,NaN,4187,4192,4187,4192,4187,4192
2023-09-26T02:27:00+02:00,4187,4188,4187,4187,4192.884774512775,4193.914864809871,4196.454542344228,0,0,0,0,0,1,NaN,NaN,4187,4192,4187,4192,4187,4192
2023-09-26T02:30:00+02:00,4187,4188,4186,4186,4192.258885920704,4193.604477954582,4196.35051704727,0,0,0,0,0,1,NaN,NaN,4186,4192,4186,4192,4186,4192
2023-09-26T02:33:00+02:00,4186,4186,4186,4186,4191.689896291549,4193.306263132834,4196.247526827894,0,0,0,1,0,0,NaN,NaN,4186,4192,4186,4192,4186,4192
2023-09-26T02:36:00+02:00,4186,4186,4186,4186,4191.172632992318,4193.019743009978,4196.14556138682,0,0,0,1,0,0,NaN,NaN,4186,4192,4186,4192,4186,4192
2023-09-26T02:39:00+02:00,4186,4187,4186,4186,4190.70239362938,4192.744458970371,4196.0446105272495,0,0,0,0,0,1,NaN,NaN,4186,4192,4186,4192,4186,4192
2023-09-26T02:42:00+02:00,4186,4187,4186,4187,4190.365812390345,4192.519186069572,4195.9546144026,0,0,0,1,0,0,NaN,NaN,4186,4192,4186,4192,4186,4192
2023-09-26T02:45:00+02:00,4188,4188,4186,4187,4190.059829445769,4192.302747400177,4195.865513761778,0,0,0,0,1,0,NaN,NaN,4186,4192,4186,4192,4186,4192
2023-09-26T02:48:00+02:00,4186,4186,4182,4182,4189.327117677972,4191.898718090367,4195.727548450715,0,0,0,1,0,0,NaN,NaN,4182,4192,4182,4192,4182,4192
2023-09-26T02:51:00+02:00,4182,4184,4180,4184,4188.842834252701,4191.588964439764,4195.61085642633,0,0,0,0,1,0,NaN,NaN,4180,4192,4180,4192,4180,4192
2023-09-26T02:54:00+02:00,4183,4186,4183,4183,4188.311667502456,4191.252142304871,4195.485375267859,0,0,0,0,0,1,NaN,NaN,4180,4192,4180,4192,4180,4192
2023-09-26T02:57:00+02:00,4184,4184,4183,4183,4187.828788638596,4190.928528881151,4195.361142678129,0,0,0,1,0,0,NaN,NaN,4180,4192,4180,4192,4180,4192
2023-09-26T03:00:00+02:00,4183,4183,4181,4183,4187.389807853269,4190.617606179929,4195.238146233571,0,0,0,0,1,0,NaN,NaN,4180,4192,4180,4192,4180,4192
2023-09-26T03:03:00+02:00,4183,4184,4182,4184,4187.081643502972,4190.358092212088,4195.126323882988,0,0,0,0,1,0,NaN,NaN,4180,4192,4180,4192,4180,4192
2023-09-26T03:06:00+02:00,4183,4183,4182,4182,4186.619675911793,4190.030323890045,4194.995713695097,0,0,0,1,0,0,NaN,NaN,4180,4192,4180,4192,4180,4192
2023-09-26T03:09:00+02:00,4182,4183,4182,4183,4186.290614465266,4189.754624913965,4194.876353359822,0,0,0,1,0,0,NaN,NaN,4180,4192,4180,4192,4180,4192
2023-09-26T03:12:00+02:00,4183,4183,4182,4183,4185.991467695697,4189.489737662437,4194.758180689575,0,0,0,0,1,0,NaN,NaN,4180,4192,4180,4192,4180,4192
2023-09-26T03:15:00+02:00,4183,4183,4180,4181,4185.537697905179,4189.1568067737135,4194.621283369281,0,0,0,0,0,0,NaN,NaN,4180,4192,4180,4192,4180,4192
2023-09-26T03:18:00+02:00,4182,4182,4182,4182,4185.216089004708,4188.876147684548,4194.495698460134,0,0,0,1,0,0,NaN,NaN,4180,4192,4180,4192,4180,4192
2023-09-26T03:21:00+02:00,4183,4183,4181,4181,4184.832808186098,4188.567279147899,4194.361412903317,0,0,0,1,0,0,NaN,NaN,4180,4192,4180,4192,4180,4192
2023-09-26T03:24:00+02:00,4181,4183,4181,4183,4184.66618926009,4188.348954475433,4194.2483640187065,0,0,0,1,0,0,NaN,NaN,4180,4192,4180,4192,4180,4192
2023-09-26T03:27:00+02:00,4184,4184,4184,4184,4184.605626600081,4188.178407241102,4194.146390247376,0,0,0,1,0,0,NaN,NaN,4180,4192,4180,4192,4180,4192
2023-09-26T03:30:00+02:00,4184,4184,4182,4183,4184.459660545529,4187.975332447333,4194.035480891681,0,0,0,0,1,0,NaN,NaN,4180,4192,4180,4192,4180,4192
2023-09-26T03:33:00+02:00,4183,4183,4183,4183,4184.3269641322995,4187.780221370967,4193.9256751116645,0,0,0,1,0,0,NaN,NaN,4180,4192,4180,4192,4180,4192
2023-09-26T03:36:00+02:00,4182,4182,4181,4181,4184.024512847545,4187.514330336812,4193.797061428962,0,0,0,1,0,0,NaN,NaN,4180,4192,4180,4192,4180,4192
2023-09-26T03:39:00+02:00,4181,4181,4179,4180,4183.658648043223,4187.2196507157605,4193.659777235639,0,0,0,0,1,0,NaN,NaN,4179,4192,4179,4192,4179,4192
2023-09-26T03:42:00+02:00,4180,4180,4177,4177,4183.05331640293,4186.818880099456,4193.494008307921,0,0,0,1,0,0,NaN,NaN,4177,4192,4177,4192,4177,4192
2023-09-26T03:45:00+02:00,4177,4178,4176,4178,4182.593924002664,4186.473041664183,4193.339839071026,0,0,0,0,1,0,NaN,NaN,4176,4192,4176,4192,4176,4192
2023-09-26T03:48:00+02:00,4179,4181,4179,4181,4182.449021820604,4186.258412579314,4193.217054602658,0,0,0,1,0,0,NaN,NaN,4176,4192,4176,4192,4176,4192
2023-09-26T03:51:00+02:00,4180,4180,4177,4178,4182.044565291458,4185.9345532624775,4193.065641124025,0,0,0,0,0,0,NaN,NaN,4176,4192,4176,4192,4176,4192
2023-09-26T03:54:00+02:00,4178,4179,4178,4178,4181.676877537689,4185.623394311007,4192.915734247169,0,0,0,0,0,1,NaN,NaN,4176,4192,4176,4192,4176,4192
2023-09-26T03:57:00+02:00,4178,4179,4177,4177,4181.251706852444,4185.285221985086,4192.757368732272,0,0,0,0,0,1,NaN,NaN,4176,4192,4176,4192,4176,4192
2023-09-26T04:00:00+02:00,4177,4179,4177,4178,4180.956097138585,4184.999527005279,4192.610529242399,0,0,0,0,0,1,NaN,NaN,4176,4192,4176,4192,4176,4192
2023-09-26T04:03:00+02:00,4178,4179,4178,4179,4180.778270125987,4184.764251436444,4192.475101090733,0,0,0,1,0,0,NaN,NaN,4176,4192,4176,4192,4176,4192
2023-09-26T04:06:00+02:00,4179,4179,4177,4178,4180.525700114534,4184.498986674231,4192.331070234109,0,0,0,0,1,0,NaN,NaN,4176,4192,4176,4192,4176,4192
2023-09-26T04:09:00+02:00,4179,4179,4178,4178,4180.296091013212,4184.244124451712,4192.188472520336,0,0,0,1,0,0,NaN,NaN,4176,4192,4176,4192,4176,4192
2023-09-26T04:12:00+02:00,4178,4178,4177,4177,4179.996446375648,4183.960041139881,4192.037343440532,0,0,0,1,0,0,NaN,NaN,4176,4192,4176,4192,4176,4192
2023-09-26T04:15:00+02:00,4177,4178,4175,4178,4179.814951250589,4183.726314036356,4191.897668381423,0,0,0,0,1,0,NaN,NaN,4175,4192,4175,4192,4175,4192
2023-09-26T04:18:00+02:00,4179,4179,4179,4179,4179.740864773263,4183.5409683878715,4191.769333372652,0,0,0,1,0,0,NaN,NaN,4175,4192,4175,4192,4175,4192
2023-09-26T04:21:00+02:00,4179,4180,4178,4178,4179.58260433933,4183.323675509916,4191.632325080387,0,0,0,0,0,1,NaN,NaN,4175,4192,4175,4192,4175,4192
2023-09-26T04:24:00+02:00,4178,4178,4178,4178,4179.438731217572,4183.114903921291,4191.496680054712,0,0,0,1,0,0,NaN,NaN,4175,4192,4175,4192,4175,4192
2023-09-26T04:27:00+02:00,4178,4179,4177,4177,4179.217028379611,4182.875103767516,4191.352434482028,0,0,0,0,0,1,NaN,NaN,4175,4192,4175,4192,4175,4192
2023-09-26T04:30:00+02:00,4177,4177,4176,4176,4178.924571254192,4182.605491855064,4191.199673939918,0,0,0,1,0,0,NaN,NaN,4175,4192,4175,4192,4175,4192
2023-09-26T04:33:00+02:00,4176,4176,4176,4176,4178.658701140175,4182.346452958787,4191.048433403203,0,0,0,1,0,0,NaN,NaN,4175,4192,4175,4192,4175,4192
2023-09-26T04:36:00+02:00,4176,4177,4176,4177,4178.507910127432,4182.136788136874,4190.908647996205,0,0,0,1,0,0,NaN,NaN,4175,4192,4175,4192,4175,4192
2023-09-26T04:39:00+02:00,4177,4177,4176,4177,4178.370827388575,4181.93534546484,4190.77025348878,0,0,0,0,1,0,NaN,NaN,4175,4192,4175,4192,4175,4192
2023-09-26T04:42:00+02:00,4177,4178,4177,4178,4178.337115807795,4181.781018191709,4190.643186289887,0,0,0,1,0,0,NaN,NaN,4175,4192,4175,4192,4175,4192
2023-09-26T04:45:00+02:00,4178,4179,4178,4179,4178.397378007086,4181.67195865478,4190.527333689988,0,0,0,1,0,0,NaN,NaN,4175,4192,4175,4192,4175,4192
2023-09-26T04:48:00+02:00,4179,4179,4178,4178,4178.3612527337145,4181.527960276161,4190.402683603521,0,0,0,1,0,0,NaN,NaN,4175,4192,4175,4192,4175,4192
2023-09-26T04:51:00+02:00,4178,4178,4177,4177,4178.237502485195,4181.350393206508,4190.269323567665,0,0,0,1,0,0,NaN,NaN,4175,4192,4175,4192,4175,4192
2023-09-26T04:54:00+02:00,4176,4177,4176,4176,4178.0340931683595,4181.1405738650765,4190.127340248584,0,0,0,0,0,1,NaN,NaN,4175,4192,4175,4192,4175,4192
2023-09-26T04:57:00+02:00,4176,4178,4175,4175,4177.75826651669,4180.899767046838,4189.97681945009,0,0,0,0,0,1,NaN,NaN,4175,4192,4175,4192,4175,4192
2023-09-26T05:00:00+02:00,4176,4177,4176,4176,4177.598424106082,4180.707619319511,4189.837746619741,0,0,0,0,0,1,NaN,NaN,4175,4192,4175,4192,4175,4192
2023-09-26T05:03:00+02:00,4177,4178,4177,4178,4177.634931005529,4180.601438169726,4189.7199580961615,0,0,0,1,0,0,NaN,NaN,4175,4192,4175,4192,4175,4192
2023-09-26T05:06:00+02:00,4178,4179,4178,4179,4177.759028186845,4180.5386366728735,4189.613291846448,0,0,0,1,0,0,NaN,NaN,4175,4192,4175,4192,4175,4192
2023-09-26T05:09:00+02:00,4179,4179,4178,4178,4177.780934715313,4180.439082293545,4189.497736703697,0,0,0,1,0,0,NaN,NaN,4175,4192,4175,4192,4175,4192
2023-09-26T05:12:00+02:00,4179,4179,4178,4179,4177.891758832103,4180.3826476937975,4189.393281612118,0,0,0,0,1,0,NaN,NaN,4175,4192,4175,4192,4175,4192
2023-09-26T05:15:00+02:00,4179,4180,4179,4179,4177.992508029184,4180.328426215609,4189.2898658746835,0,0,0,0,0,1,NaN,NaN,4175,4192,4175,4192,4175,4192
2023-09-26T05:18:00+02:00,4179,4179,4178,4178,4177.99318911744,4180.237115383625,4189.1775289008065,0,0,0,1,0,0,NaN,NaN,4175,4192,4175,4192,4175,4192
2023-09-26T05:21:00+02:00,4178,4179,4178,4179,4178.084717379491,4180.188601054855,4189.07625995652,0,0,0,1,0,0,NaN,NaN,4175,4192,4175,4192,4175,4192
2023-09-26T05:24:00+02:00,4179,4180,4179,4180,4178.258833981356,4180.1812049350565,4188.985948912176,0,0,0,1,0,0,NaN,NaN,4175,4192,4175,4192,4175,4192
2023-09-26T05:27:00+02:00,4181,4181,4180,4180,4178.4171218012325,4180.174098859172,4188.896536485189,0,0,0,1,0,0,NaN,NaN,4175,4192,4175,4192,4175,4192
2023-09-26T05:30:00+02:00,4179,4181,4179,4180,4178.561019819303,4180.1672714529295,4188.808013734093,0,0,0,0,0,1,NaN,NaN,4175,4192,4175,4192,4175,4192
2023-09-26T05:33:00+02:00,4180,4181,4180,4180,4178.691836199366,4180.1607117881085,4188.72037180639,0,0,0,0,0,1,NaN,NaN,4175,4192,4175,4192,4175,4192
2023-09-26T05:36:00+02:00,4181,4181,4181,4181,4178.901669272151,4180.19362505132,4188.643552186426,0,0,0,1,0,0,NaN,NaN,4175,4192,4175,4192,4175,4192
2023-09-26T05:39:00+02:00,4181,4181,4181,4181,4179.092426611046,4180.225247598327,4188.56749694079,0,0,0,1,0,0,NaN,NaN,4175,4192,4175,4192,4175,4192
2023-09-26T05:42:00+02:00,4181,4182,4181,4182,4179.356751464587,4180.294845731726,4188.502148712523,0,0,0,1,0,0,NaN,NaN,4175,4192,4175,4192,4175,4192
2023-09-26T05:45:00+02:00,4183,4183,4183,4183,4179.687955876898,4180.400930212835,4188.44740096414,0,0,0,1,0,0,NaN,NaN,4175,4192,4175,4192,4175,4192
2023-09-26T05:48:00+02:00,4183,4183,4182,4183,4179.9890507971795,4180.502854518214,4188.393197969472,0,0,0,0,1,0,NaN,NaN,4175,4192,4175,4192,4175,4192
2023-09-26T05:51:00+02:00,4183,4183,4183,4183,4180.262773451981,4180.60078179201,4188.339534308084,0,0,0,1,0,0,NaN,NaN,4175,4192,4175,4192,4175,4192
2023-09-26T05:54:00+02:00,4183,4183,4182,4182,4180.420703138165,4180.655653094284,4188.27645436472,0,0,0,1,0,0,NaN,NaN,4175,4192,4175,4192,4175,4192
2023-09-26T05:57:00+02:00,4183,4184,4182,4183,4180.655184671059,4180.747588267058,4188.22395233124,0,0,1,1,1,1,NaN,NaN,4175,4192,4175,4192,4175,4192
2023-09-26T06:00:00+02:00,4183,4183,4181,4181,4180.686531519144,4180.757486766389,4188.1520722085415,0,0,0,1,0,0,NaN,NaN,4175,4192,4175,4192,4175,4192
2023-09-26T06:03:00+02:00,4181,4181,4181,4181,4180.715028653768,4180.766997089276,4188.080907310944,0,0,0,1,0,0,NaN,NaN,4175,4192,4175,4192,4175,4192
2023-09-26T06:06:00+02:00,4182,4182,4182,4182,4180.831844230698,4180.815350144599,4188.020400770537,0,0,0,1,0,0,NaN,NaN,4175,4192,4175,4192,4175,4192
2023-09-26T06:09:00+02:00,4181,4182,4181,4181,4180.847131118817,4180.822591315398,4187.950546036502,0,0,0,0,0,1,NaN,NaN,4175,4192,4175,4192,4175,4192
2023-09-26T06:12:00+02:00,4181,4182,4181,4182,4180.9519373807425,4180.868764204991,4187.891336623203,0,0,0,1,0,0,NaN,NaN,4175,4192,4175,4192,4175,4192
2023-09-26T06:15:00+02:00,4181,4181,4180,4181,4180.956306709766,4180.873910706756,4187.822766109539,0,0,0,0,1,0,NaN,NaN,4175,4192,4175,4192,4175,4192
2023-09-26T06:21:00+02:00,4182,4182,4182,4182,4181.051187917969,4180.918071071197,4187.7648281383,0,0,0,1,0,0,NaN,NaN,4175,4192,4175,4192,4175,4192
2023-09-26T06:24:00+02:00,4183,4183,4183,4183,4181.2283526527,4180.999715342915,4187.717416913043,0,0,0,1,0,0,NaN,NaN,4175,4192,4175,4192,4175,4192
2023-09-26T06:27:00+02:00,4183,4183,4183,4183,4181.389411502454,4181.078157878487,4187.670477441271,0,0,0,1,0,0,NaN,NaN,4175,4192,4175,4192,4175,4192
2023-09-26T06:30:00+02:00,4182,4182,4182,4182,4181.4449195476855,4181.114308549919,4187.614054780164,0,0,0,1,0,0,NaN,NaN,4175,4192,4175,4192,4175,4192
2023-09-26T06:33:00+02:00,4182,4183,4182,4182,4181.495381406987,4181.149041547961,4187.558193538571,0,0,0,0,0,1,NaN,NaN,4175,4192,4175,4192,4175,4192
2023-09-26T06:36:00+02:00,4182,4182,4182,4182,4181.541255824533,4181.182412467649,4187.502888130227,0,0,0,1,0,0,NaN,NaN,4175,4192,4175,4192,4175,4192
2023-09-26T06:39:00+02:00,4182,4182,4181,4182,4181.582959840485,4181.214474723819,4187.448133024453,0,0,0,0,1,0,NaN,NaN,4175,4192,4175,4192,4175,4192
2023-09-26T06:42:00+02:00,4182,4182,4182,4182,4181.620872582259,4181.245279636611,4187.393922745603,0,0,0,1,0,0,NaN,NaN,4175,4192,4175,4192,4175,4192
2023-09-26T06:45:00+02:00,4182,4182,4182,4182,4181.655338711144,4181.274876513607,4187.340251872512,0,0,0,1,0,0,NaN,NaN,4175,4192,4175,4192,4175,4192
2023-09-26T06:48:00+02:00,4183,4183,4183,4183,4181.777580646495,4181.3425284150335,4187.297065286716,0,0,0,1,0,0,NaN,NaN,4175,4192,4175,4192,4175,4192
2023-09-26T06:51:00+02:00,4183,4183,4182,4183,4181.888709678632,4181.407527300718,4187.254308418192,0,0,0,0,1,0,NaN,NaN,4175,4192,4175,4192,4175,4192
2023-09-26T06:54:00+02:00,4183,4183,4183,4183,4181.989736071484,4181.469977210494,4187.211976991145,0,0,0,1,0,0,NaN,NaN,4175,4192,4175,4192,4175,4192
2023-09-26T06:57:00+02:00,4183,4183,4183,4183,4182.0815782468035,4181.5299781042,4187.170066772328,0,0,0,1,0,0,NaN,NaN,4175,4192,4175,4192,4175,4192
2023-09-26T07:00:00+02:00,4183,4184,4183,4184,4182.255980224367,4181.626841707957,4187.13852381937,0,0,0,1,0,0,NaN,NaN,4175,4192,4175,4192,4175,4192
2023-09-26T07:03:00+02:00,4184,4184,4182,4182,4182.232709294879,4181.6414753664685,4187.087394229127,0,0,0,1,0,0,NaN,NaN,4175,4192,4175,4192,4175,4192
2023-09-26T07:06:00+02:00,4183,4184,4182,4183,4182.302462995344,4181.694750842294,4187.046723639783,0,0,1,1,1,1,NaN,NaN,4175,4192,4175,4192,4175,4192
2023-09-26T07:09:00+02:00,4183,4185,4183,4185,4182.547693632131,4181.824368456321,4187.0263582304315,0,0,0,1,0,0,NaN,NaN,4175,4192,4175,4192,4175,4192
2023-09-26T07:12:00+02:00,4184,4184,4184,4184,4182.679721483755,4181.909687340387,4186.996245213213,0,0,0,1,0,0,NaN,NaN,4175,4192,4175,4192,4175,4192
2023-09-26T07:15:00+02:00,4185,4186,4185,4185,4182.890655894323,4182.030876072136,4186.976382076763,0,0,0,0,0,1,NaN,NaN,4175,4192,4175,4192,4175,4192
2023-09-26T07:18:00+02:00,4185,4185,4181,4182,4182.809687176657,4182.029665245778,4186.926865837193,0,0,0,0,0,0,NaN,NaN,4175,4192,4175,4192,4175,4192
2023-09-26T07:21:00+02:00,4182,4182,4181,4182,4182.7360792515055,4182.028501902807,4186.877842296524,0,0,0,0,1,0,NaN,NaN,4175,4192,4175,4192,4175,4192
2023-09-26T07:24:00+02:00,4181,4183,4180,4183,4182.760072046824,4182.066599867403,4186.839256801037,0,0,0,0,0,0,NaN,NaN,4175,4192,4175,4192,4175,4192
2023-09-26T07:27:00+02:00,4182,4183,4182,4183,4182.78188367893,4182.103203794171,4186.801055240828,0,0,0,1,0,0,NaN,NaN,4175,4192,4175,4192,4175,4192
2023-09-26T07:30:00+02:00,4183,4183,4182,4183,4182.801712435391,4182.1383722728315,4186.763233795646,0,0,0,0,1,0,NaN,NaN,4175,4192,4175,4192,4175,4192
2023-09-26T07:33:00+02:00,4183,4184,4183,4184,4182.910647668537,4182.21137728174,4186.735738932008,0,0,0,1,0,0,NaN,NaN,4175,4192,4175,4192,4175,4192
2023-09-26T07:36:00+02:00,4184,4186,4184,4185,4183.10058878958,4182.320735035398,4186.718467897858,0,0,0,0,0,1,NaN,NaN,4175,4192,4175,4192,4175,4192
2023-09-26T07:39:00+02:00,4186,4186,4184,4185,4183.273262535981,4182.425804249696,4186.701368714795,0,0,0,0,1,0,NaN,NaN,4175,4192,4175,4192,4175,4192
2023-09-26T07:42:00+02:00,4185,4185,4184,4185,4183.430238669074,4182.526753102649,4186.684439672857,0,0,0,0,1,0,NaN,NaN,4175,4192,4175,4192,4175,4192
2023-09-26T07:45:00+02:00,4184,4185,4184,4185,4183.572944244613,4182.623743177055,4186.667679079097,0,0,0,1,0,0,NaN,NaN,4175,4192,4175,4192,4175,4192
2023-09-26T07:48:00+02:00,4184,4184,4179,4180,4183.248131131466,4182.520851287759,4186.601334013633,0,0,0,0,0,0,NaN,NaN,4175,4192,4175,4192,4175,4192
2023-09-26T07:51:00+02:00,4180,4180,4176,4179,4182.861937392242,4182.382778688239,4186.525698849318,1,0,0,0,1,0,NaN,NaN,4175,4192,4175,4192,4175,4192
2023-09-26T07:54:00+02:00,4179,4181,4179,4181,4182.692670356583,4182.328552073014,4186.470716771216,0,0,0,1,0,0,NaN,NaN,4175,4192,4175,4192,4175,4192
2023-09-26T07:57:00+02:00,4181,4182,4180,4181,4182.538791233257,4182.276451991719,4186.416281778467,0,0,1,1,1,1,NaN,NaN,4175,4192,4175,4192,4175,4192
2023-09-26T08:00:00+02:00,4181,4182,4178,4178,4182.126173848415,4182.108747992044,4186.332537681169,0,0,0,0,0,0,NaN,NaN,NaN,NaN,4175,4192,NaN,NaN
2023-09-26T08:03:00+02:00,4178,4180,4176,4180,4181.932885316742,4182.026051992356,4186.269527355983,0,0,0,0,1,0,NaN,NaN,NaN,NaN,4175,4192,NaN,NaN
2023-09-26T08:06:00+02:00,4179,4180,4178,4178,4181.575350287947,4181.868167600499,4186.187243501695,0,0,0,0,0,1,NaN,NaN,NaN,NaN,4175,4192,NaN,NaN
2023-09-26T08:09:00+02:00,4178,4179,4174,4174,4180.886682079952,4181.559612008323,4186.0659773972,0,0,0,0,0,0,NaN,NaN,NaN,NaN,4174,4192,NaN,NaN
2023-09-26T08:12:00+02:00,4174,4174,4173,4174,4180.260620072684,4181.263156635448,4185.9459179206115,0,0,0,0,1,0,NaN,NaN,NaN,NaN,4173,4192,NaN,NaN
2023-09-26T08:15:00+02:00,4174,4175,4172,4172,4179.509654611531,4180.89989559092,4185.807152568168,0,0,0,0,0,0,NaN,NaN,NaN,NaN,4172,4192,NaN,NaN
2023-09-26T08:18:00+02:00,4172,4173,4171,4172,4178.826958737755,4180.550880077551,4185.6697679655,0,0,1,1,1,1,NaN,NaN,NaN,NaN,4171,4192,NaN,NaN
2023-09-26T08:21:00+02:00,4172,4175,4172,4175,4178.479053397959,4180.333198505882,4185.563601120072,0,0,0,1,0,0,NaN,NaN,NaN,NaN,4171,4192,NaN,NaN
2023-09-26T08:24:00+02:00,4174,4175,4174,4175,4178.162775816327,4180.124053466436,4185.458490661166,0,0,0,1,0,0,NaN,NaN,NaN,NaN,4171,4192,NaN,NaN
2023-09-26T08:27:00+02:00,4174,4176,4174,4176,4177.966159833024,4179.962325879516,4185.364376326229,0,0,0,1,0,0,NaN,NaN,NaN,NaN,4171,4192,NaN,NaN
2023-09-26T08:30:00+02:00,4176,4176,4175,4175,4177.696508939112,4179.767724864633,4185.26124820358,0,0,0,1,0,0,NaN,NaN,NaN,NaN,4171,4192,NaN,NaN
2023-09-26T08:33:00+02:00,4174,4176,4174,4175,4177.45137176283,4179.580755262099,4185.159146231405,0,0,0,0,0,1,NaN,NaN,NaN,NaN,4171,4192,NaN,NaN
2023-09-26T08:36:00+02:00,4175,4175,4174,4174,4177.137610693481,4179.361902114566,4185.048109950496,0,0,0,1,0,0,NaN,NaN,NaN,NaN,4171,4192,NaN,NaN
2023-09-26T08:39:00+02:00,4173,4175,4172,4172,4176.670555175892,4179.073200070858,4184.91827801069,0,0,0,0,0,1,NaN,NaN,NaN,NaN,4171,4192,NaN,NaN
2023-09-26T08:42:00+02:00,4173,4174,4172,4173,4176.33686834172,4178.835035362196,4184.799688179738,0,0,1,1,1,1,NaN,NaN,NaN,NaN,4171,4192,NaN,NaN
2023-09-26T08:45:00+02:00,4173,4173,4167,4167,4175.488062128837,4178.370916328385,4184.622576854566,0,0,0,1,0,0,NaN,NaN,NaN,NaN,4167,4192,NaN,NaN
2023-09-26T08:48:00+02:00,4167,4168,4166,4166,4174.6255110262155,4177.885782354722,4184.437277582381,0,0,0,0,0,1,NaN,NaN,NaN,NaN,4166,4192,NaN,NaN
2023-09-26T08:51:00+02:00,4166,4169,4165,4166,4173.841373660196,4177.419673242773,4184.253822084049,0,0,1,0,0,1,NaN,NaN,NaN,NaN,4165,4192,NaN,NaN
2023-09-26T08:54:00+02:00,4166,4169,4165,4168,4173.310339691087,4177.050274292075,4184.092092511073,0,0,0,1,0,0,NaN,NaN,NaN,NaN,4165,4192,NaN,NaN
2023-09-26T08:57:00+02:00,4168,4169,4166,4168,4172.827581537352,4176.695361574739,4183.93197218758,0,0,1,0,1,0,NaN,NaN,NaN,NaN,4165,4192,NaN,NaN
2023-09-26T09:00:00+02:00,4169,4170,4164,4169,4172.479619579411,4176.393582689455,4183.783395349893,0,0,1,0,1,0,4164,4170,NaN,NaN,4164,4192,NaN,NaN
2023-09-26T09:03:00+02:00,4169,4171,4161,4163,4171.617835981282,4175.868344152614,4183.576595396163,0,0,0,1,0,0,4161,4171,NaN,NaN,4161,4192,NaN,NaN
2023-09-26T09:06:00+02:00,4162,4163,4159,4160,4170.5616690738925,4175.246056146629,4183.3420024071465,0,0,0,1,0,0,4159,4171,NaN,NaN,4159,4192,NaN,NaN
2023-09-26T09:09:00+02:00,4159,4160,4155,4157,4169.328790067175,4174.5305245330355,4183.079892930458,0,0,0,0,0,0,4155,4171,NaN,NaN,4155,4192,NaN,NaN
2023-09-26T09:12:00+02:00,4157,4159,4154,4154,4167.935263697432,4173.725405923897,4182.790540761996,0,0,0,0,0,0,4154,4171,NaN,NaN,4154,4192,NaN,NaN
2023-09-26T09:15:00+02:00,4154,4154,4148,4151,4166.395694270393,4172.834213534724,4182.47421697332,0,0,0,0,1,0,4148,4171,NaN,NaN,4148,4192,NaN,NaN
2023-09-26T09:18:00+02:00,4151,4159,4150,4159,4165.72335842763,4172.291695356892,4182.240642675078,0,0,0,0,0,0,4148,4171,NaN,NaN,4148,4192,NaN,NaN
2023-09-26T09:21:00+02:00,4158,4159,4149,4149,4164.203053116027,4171.378295538974,4181.909890011644,0,0,0,0,0,0,4148,4171,NaN,NaN,4148,4192,NaN,NaN
2023-09-26T09:24:00+02:00,4149,4155,4145,4145,4162.45732101457,4170.343852576661,4181.542627424464,0,0,0,0,0,1,4145,4171,NaN,NaN,4145,4192,NaN,NaN
2023-09-26T09:27:00+02:00,4146,4148,4142,4143,4160.6884736496095,4169.271544632478,4181.159118693872,0,0,0,0,0,0,4142,4171,NaN,NaN,4142,4192,NaN,NaN
2023-09-26T09:30:00+02:00,4142,4144,4140,4143,4159.080430590554,4168.241287980224,4180.77942597055,0,0,0,0,1,0,4140,4171,NaN,NaN,4140,4192,NaN,NaN
2023-09-26T09:33:00+02:00,4143,4150,4143,4150,4158.254936900504,4167.525943353548,4180.473163025569,0,0,0,1,0,0,4140,4171,NaN,NaN,4140,4192,NaN,NaN
2023-09-26T09:36:00+02:00,4150,4155,4149,4152,4157.686306273185,4166.91708282988,4180.189847970589,0,0,0,0,0,1,4140,4171,NaN,NaN,4140,4192,NaN,NaN
2023-09-26T09:39:00+02:00,4153,4161,4152,4159,4157.805732975623,4166.606608993415,4179.979003712175,0,0,0,0,0,0,4140,4171,NaN,NaN,4140,4192,NaN,NaN
2023-09-26T09:42:00+02:00,4159,4166,4159,4166,4158.550666341475,4166.582820405438,4179.839909147874,0,0,0,1,0,0,4140,4171,NaN,NaN,4140,4192,NaN,NaN
2023-09-26T09:45:00+02:00,4166,4167,4157,4158,4158.500605764978,4166.246239213067,4179.6225966190395,0,0,0,1,0,0,4140,4171,NaN,NaN,4140,4192,NaN,NaN
2023-09-26T09:48:00+02:00,4157,4161,4155,4158,4158.45509614998,4165.9228572831435,4179.407446403925,0,0,0,0,0,1,4140,4171,NaN,NaN,4140,4192,NaN,NaN
2023-09-26T09:51:00+02:00,4158,4159,4152,4153,4157.959178318163,4165.416078566157,4179.144685743189,0,0,0,1,0,0,4140,4171,NaN,NaN,4140,4192,NaN,NaN
2023-09-26T09:54:00+02:00,4153,4154,4150,4151,4157.326525743784,4164.850742151798,4178.864639118879,0,0,0,1,0,0,4140,4171,NaN,NaN,4140,4192,NaN,NaN
2023-09-26T09:57:00+02:00,4151,4158,4151,4158,4157.387750676167,4164.582085596826,4178.657030769437,0,0,0,1,0,0,4140,4171,NaN,NaN,4140,4192,NaN,NaN
2023-09-26T10:00:00+02:00,4158,4161,4156,4159,4157.534318796515,4164.363180279303,4178.461438423473,0,0,0,1,0,0,4140,4171,NaN,NaN,NaN,NaN,NaN,NaN
2023-09-26T10:03:00+02:00,4159,4166,4157,4165,4158.213017087742,4164.388153601683,4178.327493762543,0,0,0,0,0,0,4140,4171,NaN,NaN,NaN,NaN,NaN,NaN
2023-09-26T10:06:00+02:00,4165,4165,4157,4159,4158.284560988856,4164.176853460441,4178.135180391771,0,0,0,0,0,0,4140,4171,NaN,NaN,NaN,NaN,NaN,NaN
2023-09-26T10:09:00+02:00,4159,4164,4158,4162,4158.6223281716875,4164.091486658071,4177.974631333147,0,0,0,0,0,0,4140,4171,NaN,NaN,NaN,NaN,NaN,NaN
2023-09-26T10:12:00+02:00,4162,4168,4161,4166,4159.293025610625,4164.166330318539,4177.855480772619,0,0,0,0,0,0,4140,4171,NaN,NaN,NaN,NaN,NaN,NaN
2023-09-26T10:15:00+02:00,4166,4170,4164,4170,4160.26638691875,4164.395101678596,4177.777316784832,0,0,0,0,0,0,4140,4171,NaN,NaN,NaN,NaN,NaN,NaN
2023-09-26T10:18:00+02:00,4170,4172,4167,4170,4161.151260835227,4164.614901612768,4177.699930548167,0,0,1,0,1,0,4140,4172,NaN,NaN,NaN,NaN,NaN,NaN
2023-09-26T10:21:00+02:00,4170,4173,4169,4171,4162.046600759297,4164.865297627954,4177.633264572563,0,0,0,0,0,1,4140,4173,NaN,NaN,NaN,NaN,NaN,NaN
2023-09-26T10:24:00+02:00,4172,4172,4168,4169,4162.678727962997,4165.027442819014,4177.547361442488,0,0,0,0,0,0,4140,4173,NaN,NaN,NaN,NaN,NaN,NaN
2023-09-26T10:27:00+02:00,4169,4170,4167,4167,4163.0715708754515,4165.104798002582,4177.442412572414,0,0,0,0,0,0,4140,4173,NaN,NaN,NaN,NaN,NaN,NaN
2023-09-26T10:30:00+02:00,4167,4172,4165,4172,4163.883246250411,4165.375198080912,4177.388259213484,0,0,0,0,0,0,4140,4173,NaN,NaN,NaN,NaN,NaN,NaN
2023-09-26T10:33:00+02:00,4172,4173,4169,4172,4164.621132954919,4165.634994234601,4177.334644693947,0,0,1,0,1,0,4140,4173,NaN,NaN,NaN,NaN,NaN,NaN
2023-09-26T10:36:00+02:00,4171,4172,4169,4170,4165.1101208681075,4165.806170931283,4177.2616631547035,0,0,0,1,0,0,4140,4173,NaN,NaN,NaN,NaN,NaN,NaN
2023-09-26T10:39:00+02:00,4169,4169,4167,4167,4165.281928061916,4165.852987757507,4177.159557053662,0,0,0,1,0,0,4140,4173,NaN,NaN,NaN,NaN,NaN,NaN
2023-09-26T10:42:00+02:00,4167,4168,4163,4164,4165.165389147196,4165.780321570938,4177.0286161874565,0,0,0,1,0,0,4140,4173,NaN,NaN,NaN,NaN,NaN,NaN
2023-09-26T10:45:00+02:00,4164,4166,4162,4165,4165.150353770178,4165.749720725019,4176.908928464198,0,0,0,0,1,0,4140,4173,NaN,NaN,NaN,NaN,NaN,NaN
2023-09-26T10:48:00+02:00,4165,4171,4165,4169,4165.500321609253,4165.877182657371,4176.830232658584,0,0,0,0,0,0,4140,4173,NaN,NaN,NaN,NaN,NaN,NaN
2023-09-26T10:51:00+02:00,4170,4172,4168,4171,4166.000292372048,4166.078077455121,4176.7722203933245,0,0,0,0,1,0,4140,4173,NaN,NaN,NaN,NaN,NaN,NaN
2023-09-26T10:54:00+02:00,4171,4171,4165,4167,4166.09117488368,4166.11423128041,4176.674984369511,0,0,0,0,0,0,4140,4173,NaN,NaN,NaN,NaN,NaN,NaN
2023-09-26T10:57:00+02:00,4167,4170,4166,4168,4166.264704439709,4166.188182994904,4176.588666117078,0,0,0,0,0,1,4140,4173,NaN,NaN,NaN,NaN,NaN,NaN
2023-09-26T11:00:00+02:00,4168,4170,4167,4168,4166.422458581554,4166.259234642163,4176.503206752729,0,0,1,0,0,1,4140,4173,NaN,NaN,NaN,NaN,NaN,NaN
2023-09-26T11:03:00+02:00,4168,4169,4166,4168,4166.565871437776,4166.327499950314,4176.418597730314,0,0,1,0,1,0,4140,4173,NaN,NaN,NaN,NaN,NaN,NaN
2023-09-26T11:06:00+02:00,4168,4171,4165,4165,4166.423519488887,4166.275441128732,4176.30497984245,0,0,0,0,0,1,4140,4173,NaN,NaN,NaN,NaN,NaN,NaN
2023-09-26T11:09:00+02:00,4164,4165,4161,4162,4166.021381353534,4166.107776770743,4176.162641734565,0,0,0,1,0,0,4140,4173,NaN,NaN,NaN,NaN,NaN,NaN
2023-09-26T11:12:00+02:00,4161,4168,4161,4168,4166.20125577594,4166.181981603263,4176.0814214187985,0,0,0,1,0,0,4140,4173,NaN,NaN,NaN,NaN,NaN,NaN
2023-09-26T11:15:00+02:00,4167,4170,4167,4170,4166.546596159946,4166.331707814899,4176.02090976289,0,0,0,1,0,0,4140,4173,NaN,NaN,NaN,NaN,NaN,NaN
2023-09-26T11:18:00+02:00,4169,4170,4163,4165,4166.405996509042,4166.279483979021,4175.91124896923,0,0,0,0,0,0,4140,4173,NaN,NaN,NaN,NaN,NaN,NaN
2023-09-26T11:21:00+02:00,4165,4167,4163,4165,4166.278178644584,4166.229308136707,4175.802679327745,0,0,1,1,1,1,4140,4173,NaN,NaN,NaN,NaN,NaN,NaN
2023-09-26T11:24:00+02:00,4165,4168,4165,4165,4166.1619805859855,4166.181099974483,4175.6951899812,0,0,0,0,0,1,4140,4173,NaN,NaN,NaN,NaN,NaN,NaN
2023-09-26T11:27:00+02:00,4165,4168,4163,4167,4166.238164169078,4166.213213700974,4175.608670677904,0,0,0,0,0,0,4140,4173,NaN,NaN,NaN,NaN,NaN,NaN
2023-09-26T11:30:00+02:00,4166,4168,4165,4168,4166.398331062798,4166.283283751916,4175.532962511955,0,0,0,0,0,0,4140,4173,NaN,NaN,NaN,NaN,NaN,NaN
2023-09-26T11:33:00+02:00,4167,4170,4167,4169,4166.634846420726,4166.389821643998,4175.467957909846,0,0,0,0,0,0,4140,4173,NaN,NaN,NaN,NaN,NaN,NaN
2023-09-26T11:36:00+02:00,4169,4170,4168,4169,4166.849860382478,4166.492181579528,4175.403600119698,0,0,1,1,1,1,4140,4173,NaN,NaN,NaN,NaN,NaN,NaN
2023-09-26T11:39:00+02:00,4169,4169,4166,4167,4166.863509438616,4166.51209602739,4175.31998220806,0,0,0,0,0,0,4140,4173,NaN,NaN,NaN,NaN,NaN,NaN
2023-09-26T11:42:00+02:00,4167,4169,4164,4164,4166.603190398742,4166.413582457688,4175.207345569173,0,0,0,0,0,0,4140,4173,NaN,NaN,NaN,NaN,NaN,NaN
2023-09-26T11:45:00+02:00,4164,4165,4160,4161,4166.093809453402,4166.201285106406,4175.065978946594,0,0,0,1,0,0,4140,4173,NaN,NaN,NaN,NaN,NaN,NaN
2023-09-26T11:48:00+02:00,4161,4163,4161,4162,4165.721644957638,4166.0365288277235,4174.935969205832,0,0,0,0,0,1,4140,4173,NaN,NaN,NaN,NaN,NaN,NaN
2023-09-26T11:51:00+02:00,4162,4164,4157,4157,4164.928768143307,4165.682155148205,4174.75750185055,0,0,0,0,0,0,4140,4173,NaN,NaN,NaN,NaN,NaN,NaN
2023-09-26T11:54:00+02:00,4157,4159,4153,4154,4163.935243766643,4165.224031416903,4174.55095954358,0,0,0,0,0,0,4140,4173,NaN,NaN,NaN,NaN,NaN,NaN
2023-09-26T11:57:00+02:00,4155,4156,4153,4154,4163.032039787858,4164.783873322122,4174.3464723839425,0,0,0,1,0,0,4140,4173,NaN,NaN,NaN,NaN,NaN,NaN
2023-09-26T12:00:00+02:00,4153,4157,4152,4157,4162.483672534416,4164.478623387921,4174.173870668679,0,0,0,0,0,0,4140,4173,NaN,NaN,NaN,NaN,NaN,NaN
2023-09-26T12:03:00+02:00,4157,4157,4154,4154,4161.712429576742,4164.067696980552,4173.97313563715,0,0,0,1,0,0,4140,4173,NaN,NaN,NaN,NaN,NaN,NaN
2023-09-26T12:06:00+02:00,4154,4156,4152,4155,4161.102208706129,4163.71210102053,4173.784348217875,0,0,0,0,1,0,4140,4173,NaN,NaN,NaN,NaN,NaN,NaN
2023-09-26T12:09:00+02:00,4155,4156,4151,4151,4160.183826096481,4163.213587255019,4173.557638285359,0,0,0,0,0,0,4140,4173,NaN,NaN,NaN,NaN,NaN,NaN
2023-09-26T12:12:00+02:00,4151,4156,4151,4154,4159.621660087711,4162.852270107764,4173.363034919335,0,0,0,0,0,0,4140,4173,NaN,NaN,NaN,NaN,NaN,NaN
2023-09-26T12:15:00+02:00,4154,4156,4153,4155,4159.201509170646,4162.544337946675,4173.180318153969,0,0,0,1,0,0,4140,4173,NaN,NaN,NaN,NaN,NaN,NaN
2023-09-26T12:18:00+02:00,4155,4160,4154,4157,4159.001371973315,4162.326912929158,4173.019319963382,0,0,0,0,0,1,4140,4173,NaN,NaN,NaN,NaN,NaN,NaN
2023-09-26T12:21:00+02:00,4157,4157,4153,4154,4158.546701793923,4162.0003673240935,4172.830072998572,0,0,0,0,0,0,4140,4173,NaN,NaN,NaN,NaN,NaN,NaN
2023-09-26T12:24:00+02:00,4154,4157,4153,4155,4158.224274358112,4161.725843115306,4172.652659336894,0,0,0,0,0,1,4140,4173,NaN,NaN,NaN,NaN,NaN,NaN
2023-09-26T12:27:00+02:00,4155,4157,4155,4156,4158.022067598284,4161.501300248039,4172.48696123404,0,0,0,0,0,1,4140,4173,NaN,NaN,NaN,NaN,NaN,NaN
2023-09-26T12:30:00+02:00,4155,4157,4154,4155,4157.747334180258,4161.246347297136,4172.312961619771,0,0,1,0,0,1,4140,4173,NaN,NaN,NaN,NaN,NaN,NaN
2023-09-26T12:33:00+02:00,4155,4156,4155,4155,4157.497576527508,4161.00139250117,4172.140693344948,0,0,0,0,0,1,4140,4173,NaN,NaN,NaN,NaN,NaN,NaN
